account_id,customer_id,type,currency,balance,open_date
ACN0001,CN0113,Current,USD,269035.5,2026-05-02
ACN0002,CN0400,Current,LBP,34285375183.65,2022-01-07
ACN0003,CN0262,Current,USD,387668.96,2021-12-14
ACN0004,CN0278,Savings,USD,359630.63,2024-07-13
ACN0005,CN0112,Term deposit,USD,415120.32,2022-01-04
ACN0006,CN0153,Term deposit,USD,131776.2,2025-07-01
ACN0007,CN0225,Term deposit,USD,406038.51,2018-10-29
ACN0008,CN0378,Savings,USD,355521.6,2026-07-09
ACN0009,CN0220,Current,USD,103706.52,2018-08-15
ACN0010,CN0031,Savings,USD,298630.41,2023-06-11
ACN0011,CN0166,Term deposit,USD,286581.42,2026-08-11
ACN0012,CN0348,Savings,USD,375172.02,2024-10-10
ACN0013,CN0031,Term deposit,SAR,239552.4,2023-03-30
ACN0014,CN0128,Current,USD,124153.59,2024-07-14
ACN0015,CN0251,Current,LBP,28111279106.13,2023-04-10
ACN0016,CN0232,Current,LBP,34417911938.87,2023-05-27
ACN0017,CN0264,Savings,LBP,39265441766.55,2025-11-22
ACN0018,CN0250,Current,USD,387180.58,2025-04-05
ACN0019,CN0048,Savings,USD,332239.84,2024-03-09
ACN0020,CN0033,Savings,USD,484080.23,2026-04-23
ACN0021,CN0254,Current,SAR,634532.63,2026-08-17
ACN0022,CN0067,Savings,USD,172197.94,2020-01-06
ACN0023,CN0024,Current,LBP,20590467595.76,2025-09-14
ACN0024,CN0081,Current,USD,479036.87,2023-08-21
ACN0025,CN0353,Term deposit,SAR,567306.82,2025-04-08
ACN0026,CN0048,Savings,USD,186235.96,2025-10-25
ACN0027,CN0085,Current,LBP,32500241286.04,2026-07-19
ACN0028,CN0120,Current,USD,48044.25,2023-01-01
ACN0029,CN0245,Current,LBP,23266635264.59,2025-06-27
ACN0030,CN0005,Current,USD,60736.6,2024-05-02
ACN0031,CN0356,Current,USD,191843.43,2017-01-13
ACN0032,CN0053,Current,SAR,258735.31,2022-05-04
ACN0033,CN0329,Term deposit,USD,265488.88,2025-02-20
ACN0034,CN0313,Savings,USD,361354.8,2026-07-20
ACN0035,CN0384,Current,USD,343439.8,2019-06-04
ACN0036,CN0045,Term deposit,USD,62017.03,2025-08-26
ACN0037,CN0180,Term deposit,USD,70345.18,2025-01-14
ACN0038,CN0331,Current,LBP,26868251706.3,2025-11-13
ACN0039,CN0146,Savings,LBP,37949978502.01,2025-03-16
ACN0040,CN0106,Savings,USD,374047.9,2020-08-29
ACN0041,CN0331,Current,SAR,1790094.07,2024-08-09
ACN0042,CN0198,Current,USD,297167.92,2023-09-11
ACN0043,CN0007,Term deposit,QAR,241788.63,2026-02-05
ACN0044,CN0292,Current,USD,86798.77,2025-09-25
ACN0045,CN0395,Current,LBP,661388545.41,2023-04-08
ACN0046,CN0021,Term deposit,QAR,725410.23,2024-03-15
ACN0047,CN0322,Savings,LBP,18980786782.16,2024-10-05
ACN0048,CN0043,Savings,USD,76763.88,2017-05-03
ACN0049,CN0159,Current,QAR,1773297.11,2018-07-02
ACN0050,CN0275,Current,LBP,34164875588.03,2025-10-09
ACN0051,CN0349,Savings,USD,219024.28,2025-08-27
ACN0052,CN0123,Current,USD,217524.55,2024-03-12
ACN0053,CN0314,Savings,USD,370975.91,2026-06-26
ACN0054,CN0090,Current,LBP,31405465494.67,2024-05-04
ACN0055,CN0255,Term deposit,USD,391602.06,2024-01-07
ACN0056,CN0133,Current,USD,390671.43,2021-03-30
ACN0057,CN0376,Term deposit,LBP,1357128547.74,2025-05-07
ACN0058,CN0140,Savings,USD,487537.77,2023-03-31
ACN0059,CN0040,Current,USD,28191.84,2026-08-24
ACN0060,CN0291,Current,USD,386777.81,2026-08-01
ACN0061,CN0346,Savings,USD,254658.03,2025-05-27
ACN0062,CN0007,Current,USD,191798.25,2022-02-11
ACN0063,CN0092,Term deposit,SAR,1037459.86,2026-02-13
ACN0064,CN0115,Current,USD,360283.82,2025-04-09
ACN0065,CN0040,Savings,USD,336826.2,2022-02-14
ACN0066,CN0092,Current,USD,23441.33,2026-01-07
ACN0067,CN0036,Term deposit,SAR,1450788.66,2021-11-10
ACN0068,CN0168,Current,USD,184775.22,2021-03-08
ACN0069,CN0289,Savings,LBP,10889528077.81,2024-10-21
ACN0070,CN0303,Term deposit,QAR,1412520.33,2026-05-23
ACN0071,CN0280,Savings,USD,3685.75,2025-12-13
ACN0072,CN0013,Current,USD,419867.22,2025-11-17
ACN0073,CN0172,Current,LBP,37999774935.15,2021-08-06
ACN0074,CN0054,Current,QAR,765120.77,2020-12-02
ACN0075,CN0073,Savings,USD,460676.56,2026-07-25
ACN0076,CN0267,Current,SAR,860624.19,2021-12-17
ACN0077,CN0298,Current,USD,410071.46,2026-02-08
ACN0078,CN0304,Savings,USD,482127.03,2024-06-02
ACN0079,CN0150,Current,USD,400508.0,2025-10-31
ACN0080,CN0377,Current,USD,117188.81,2023-01-24
ACN0081,CN0070,Savings,LBP,6992417549.49,2024-11-05
ACN0082,CN0231,Current,USD,268194.31,2023-12-03
ACN0083,CN0232,Current,USD,60396.82,2017-11-25
ACN0084,CN0352,Current,LBP,27015538486.45,2023-08-31
ACN0085,CN0168,Current,LBP,43337314286.71,2022-05-11
ACN0086,CN0263,Current,USD,410134.76,2018-07-15
ACN0087,CN0016,Term deposit,SAR,1043245.89,2026-02-26
ACN0088,CN0128,Current,USD,397007.97,2021-06-29
ACN0089,CN0007,Current,LBP,9982196543.84,2022-05-20
ACN0090,CN0206,Current,LBP,28865554798.5,2024-12-19
ACN0091,CN0301,Current,SAR,42709.47,2024-05-16
ACN0092,CN0102,Term deposit,USD,64831.38,2021-09-28
ACN0093,CN0063,Current,USD,84410.61,2024-06-11
ACN0094,CN0222,Savings,USD,15226.41,2025-09-02
ACN0095,CN0219,Current,USD,93981.98,2021-08-13
ACN0096,CN0229,Term deposit,USD,309778.69,2023-04-17
ACN0097,CN0332,Current,USD,275568.99,2023-09-07
ACN0098,CN0045,Current,USD,100129.17,2026-06-12
ACN0099,CN0128,Savings,SAR,1490721.37,2024-06-02
ACN0100,CN0366,Current,USD,242597.4,2026-05-24
ACN0101,CN0290,Savings,USD,90318.03,2023-08-12
ACN0102,CN0306,Current,SAR,1460174.52,2020-08-23
ACN0103,CN0242,Savings,LBP,44732374812.64,2026-09-08
ACN0104,CN0082,Current,LBP,11959906214.39,2023-10-08
ACN0105,CN0392,Term deposit,USD,423329.29,2026-07-01
ACN0106,CN0199,Current,SAR,1585079.4,2019-04-15
ACN0107,CN0122,Savings,SAR,1308616.76,2026-03-23
ACN0108,CN0303,Current,LBP,42405600140.99,2024-06-30
ACN0109,CN0073,Savings,USD,494009.1,2026-06-23
ACN0110,CN0253,Savings,USD,19462.89,2017-05-09
ACN0111,CN0120,Savings,USD,239255.5,2023-08-31
ACN0112,CN0315,Current,USD,358610.35,2022-07-20
ACN0113,CN0031,Current,LBP,41049484819.18,2023-02-14
ACN0114,CN0270,Term deposit,QAR,681075.28,2025-01-03
ACN0115,CN0203,Savings,USD,161640.3,2025-08-07
ACN0116,CN0375,Term deposit,LBP,42991389362.51,2026-09-10
ACN0117,CN0163,Current,QAR,1262837.64,2025-09-05
ACN0118,CN0183,Current,LBP,7883888456.62,2026-08-05
ACN0119,CN0376,Savings,USD,364551.06,2024-12-03
ACN0120,CN0395,Term deposit,USD,301393.14,2023-04-29
ACN0121,CN0328,Savings,QAR,257534.96,2021-08-11
ACN0122,CN0122,Current,USD,318275.29,2016-12-20
ACN0123,CN0363,Savings,LBP,15054513795.88,2017-08-02
ACN0124,CN0136,Current,LBP,15713097962.91,2026-06-15
ACN0125,CN0056,Savings,USD,219390.96,2024-08-28
ACN0126,CN0086,Term deposit,USD,189666.93,2023-10-18
ACN0127,CN0193,Current,USD,432093.33,2026-06-18
ACN0128,CN0389,Savings,USD,37317.84,2023-04-10
ACN0129,CN0151,Current,USD,52810.16,2022-07-20
ACN0130,CN0088,Term deposit,USD,37963.71,2021-10-22
ACN0131,CN0174,Savings,LBP,21625618724.16,2026-04-27
ACN0132,CN0221,Term deposit,USD,444931.76,2024-07-07
ACN0133,CN0028,Current,USD,95397.14,2026-01-06
ACN0134,CN0284,Savings,LBP,11903477829.98,2022-08-04
ACN0135,CN0153,Current,USD,286099.02,2026-08-18
ACN0136,CN0079,Current,USD,44270.37,2026-02-06
ACN0137,CN0339,Savings,USD,48944.96,2025-02-09
ACN0138,CN0088,Savings,QAR,862856.69,2022-01-22
ACN0139,CN0158,Savings,USD,447491.3,2021-05-11
ACN0140,CN0047,Savings,USD,185824.75,2023-05-13
ACN0141,CN0190,Current,USD,220150.34,2025-08-26
ACN0142,CN0116,Savings,LBP,6801084582.77,2024-05-12
ACN0143,CN0044,Savings,SAR,777323.75,2026-07-14
ACN0144,CN0117,Savings,SAR,1534850.27,2023-12-20
ACN0145,CN0275,Savings,QAR,1043117.67,2023-06-14
ACN0146,CN0244,Current,USD,427042.94,2017-12-23
ACN0147,CN0258,Savings,USD,285956.96,2023-11-07
ACN0148,CN0076,Current,LBP,7773347699.06,2023-06-21
ACN0149,CN0109,Savings,USD,211975.76,2023-11-20
ACN0150,CN0223,Current,SAR,278869.45,2022-07-03
ACN0151,CN0133,Current,LBP,36137250591.42,2019-03-17
ACN0152,CN0199,Savings,LBP,38340348151.84,2023-02-20
ACN0153,CN0235,Term deposit,USD,350355.85,2025-02-09
ACN0154,CN0268,Savings,USD,75246.34,2025-06-27
ACN0155,CN0302,Savings,QAR,184008.9,2021-04-21
ACN0156,CN0289,Savings,LBP,38825448714.26,2024-07-13
ACN0157,CN0211,Current,LBP,25617191941.0,2021-03-16
ACN0158,CN0020,Current,USD,309313.12,2026-05-25
ACN0159,CN0020,Current,SAR,1295293.58,2025-11-26
ACN0160,CN0382,Current,USD,186534.13,2023-08-04
ACN0161,CN0156,Current,SAR,1609456.03,2026-02-08
ACN0162,CN0051,Term deposit,USD,150589.98,2026-05-13
ACN0163,CN0227,Savings,USD,364535.31,2023-12-01
ACN0164,CN0097,Current,SAR,764555.98,2025-04-02
ACN0165,CN0389,Savings,USD,28574.81,2023-12-23
ACN0166,CN0034,Current,USD,68257.09,2026-08-24
ACN0167,CN0292,Current,USD,416548.5,2021-02-05
ACN0168,CN0128,Current,USD,180507.35,2022-05-13
ACN0169,CN0141,Current,USD,198772.67,2017-06-05
ACN0170,CN0349,Current,USD,297224.77,2018-02-25
ACN0171,CN0243,Savings,USD,82175.05,2023-01-22
ACN0172,CN0384,Savings,USD,14211.52,2015-08-31
ACN0173,CN0084,Term deposit,LBP,9625916025.4,2019-06-03
ACN0174,CN0332,Current,USD,325967.87,2026-03-22
ACN0175,CN0011,Term deposit,QAR,1242181.91,2024-03-26
ACN0176,CN0068,Savings,LBP,423123036.6,2020-10-09
ACN0177,CN0312,Savings,USD,483528.71,2026-06-23
ACN0178,CN0217,Term deposit,SAR,861635.66,2024-09-05
ACN0179,CN0239,Current,USD,311991.25,2025-06-11
ACN0180,CN0004,Savings,LBP,37743969809.57,2023-06-02
ACN0181,CN0288,Savings,LBP,13388190902.14,2021-02-20
ACN0182,CN0247,Current,QAR,1166536.55,2026-04-06
ACN0183,CN0134,Savings,QAR,1186303.3,2025-02-18
ACN0184,CN0077,Savings,USD,28858.95,2026-09-01
ACN0185,CN0207,Savings,LBP,32289895669.18,2026-08-10
ACN0186,CN0152,Current,USD,194443.32,2021-01-05
ACN0187,CN0299,Savings,LBP,8534954724.98,2026-02-02
ACN0188,CN0366,Current,USD,392556.08,2026-05-11
ACN0189,CN0344,Current,USD,85408.34,2026-08-15
ACN0190,CN0286,Current,USD,64408.1,2021-03-13
ACN0191,CN0372,Savings,LBP,8228866667.34,2025-01-01
ACN0192,CN0172,Savings,USD,112052.3,2021-08-02
ACN0193,CN0216,Savings,USD,130649.34,2025-06-19
ACN0194,CN0238,Term deposit,USD,433263.49,2026-03-30
ACN0195,CN0298,Term deposit,USD,444768.32,2026-09-14
ACN0196,CN0062,Term deposit,USD,149528.7,2021-05-10
ACN0197,CN0078,Current,USD,204891.33,2024-11-29
ACN0198,CN0074,Current,LBP,34867510072.47,2022-11-23
ACN0199,CN0171,Savings,USD,317432.24,2019-01-08
ACN0200,CN0232,Current,LBP,7582312499.48,2017-12-01
ACN0201,CN0251,Savings,LBP,5829875684.58,2023-08-08
ACN0202,CN0325,Current,USD,238961.44,2015-02-05
ACN0203,CN0020,Savings,LBP,42517804972.27,2026-04-14
ACN0204,CN0388,Savings,USD,338535.7,2024-12-09
ACN0205,CN0376,Current,LBP,15438992736.94,2021-12-24
ACN0206,CN0053,Current,LBP,7511429226.88,2021-05-11
ACN0207,CN0153,Term deposit,USD,260384.06,2026-09-21
ACN0208,CN0173,Current,LBP,6025839921.41,2026-06-23
ACN0209,CN0251,Current,USD,474068.13,2026-04-26
ACN0210,CN0207,Current,USD,492447.32,2025-01-01
ACN0211,CN0376,Current,USD,62019.41,2020-12-14
ACN0212,CN0193,Term deposit,USD,267599.35,2019-09-16
ACN0213,CN0305,Term deposit,LBP,29262653772.51,2024-10-06
ACN0214,CN0025,Savings,USD,190436.75,2026-02-19
ACN0215,CN0130,Current,USD,347748.42,2023-05-12
ACN0216,CN0155,Current,USD,260394.46,2026-09-19
ACN0217,CN0311,Savings,USD,449361.65,2021-07-28
ACN0218,CN0369,Savings,USD,392487.65,2021-04-22
ACN0219,CN0102,Savings,LBP,37217112645.48,2020-04-14
ACN0220,CN0184,Savings,USD,20183.15,2025-09-11
ACN0221,CN0107,Savings,USD,117635.38,2023-05-29
ACN0222,CN0344,Current,USD,287289.31,2026-07-04
ACN0223,CN0077,Term deposit,LBP,3399799152.28,2026-04-26
ACN0224,CN0132,Savings,USD,488656.83,2025-08-08
ACN0225,CN0238,Current,SAR,1639249.33,2024-08-07
ACN0226,CN0185,Savings,USD,369400.83,2018-04-12
ACN0227,CN0389,Term deposit,USD,69628.02,2026-09-18
ACN0228,CN0088,Current,SAR,1790876.38,2023-10-09
ACN0229,CN0376,Current,SAR,344412.28,2025-01-10
ACN0230,CN0205,Term deposit,USD,193164.89,2023-08-02
ACN0231,CN0216,Savings,LBP,5098971617.0,2024-02-23
ACN0232,CN0082,Current,SAR,905985.33,2026-08-24
ACN0233,CN0348,Current,LBP,34877484580.72,2020-06-26
ACN0234,CN0351,Term deposit,LBP,39911228981.23,2021-03-23
ACN0235,CN0250,Current,USD,23463.18,2019-12-23
ACN0236,CN0336,Current,LBP,30351731896.44,2026-08-07
ACN0237,CN0296,Savings,USD,477902.83,2021-05-02
ACN0238,CN0266,Savings,LBP,4302573610.02,2020-12-01
ACN0239,CN0247,Current,LBP,17250755400.32,2026-08-28
ACN0240,CN0314,Current,LBP,7060227455.3,2026-08-20
ACN0241,CN0241,Term deposit,SAR,142106.96,2024-02-10
ACN0242,CN0165,Current,QAR,93366.66,2020-02-17
ACN0243,CN0282,Savings,USD,117882.5,2024-11-22
ACN0244,CN0228,Savings,USD,428366.32,2024-05-24
ACN0245,CN0162,Current,USD,326859.82,2017-01-13
ACN0246,CN0207,Current,LBP,52337172.89,2024-04-30
ACN0247,CN0310,Term deposit,LBP,39837380259.7,2026-09-17
ACN0248,CN0106,Savings,USD,170756.67,2026-08-08
ACN0249,CN0028,Savings,SAR,623701.22,2026-03-19
ACN0250,CN0318,Savings,LBP,16285923554.86,2023-02-10
ACN0251,CN0059,Current,LBP,142965100.34,2019-07-21
ACN0252,CN0325,Term deposit,USD,261231.55,2017-05-17
ACN0253,CN0024,Term deposit,USD,411008.41,2026-07-28
ACN0254,CN0370,Current,USD,98362.77,2019-09-27
ACN0255,CN0202,Current,SAR,358852.85,2019-04-28
ACN0256,CN0056,Savings,USD,316803.61,2026-07-22
ACN0257,CN0064,Savings,USD,329399.12,2026-08-16
ACN0258,CN0259,Current,USD,265416.99,2021-05-13
ACN0259,CN0284,Term deposit,SAR,906466.93,2025-02-18
ACN0260,CN0400,Term deposit,USD,289487.92,2024-01-18
ACN0261,CN0066,Current,LBP,27143318939.76,2019-03-30
ACN0262,CN0259,Term deposit,USD,304692.35,2023-08-09
ACN0263,CN0141,Current,USD,147439.68,2017-08-22
ACN0264,CN0071,Current,LBP,33503360145.79,2020-12-02
ACN0265,CN0360,Savings,USD,368540.91,2025-12-31
ACN0266,CN0324,Current,USD,357335.08,2023-04-03
ACN0267,CN0345,Current,LBP,43640393034.66,2018-02-17
ACN0268,CN0258,Savings,LBP,31801246255.0,2025-06-05
ACN0269,CN0181,Savings,LBP,42187211231.2,2024-04-14
ACN0270,CN0214,Savings,SAR,1001941.69,2026-09-20
ACN0271,CN0217,Savings,USD,13123.43,2024-06-22
ACN0272,CN0028,Savings,USD,375217.42,2024-07-06
ACN0273,CN0147,Savings,USD,31485.4,2022-08-18
ACN0274,CN0105,Savings,USD,407106.1,2024-12-31
ACN0275,CN0316,Term deposit,LBP,38707704806.44,2026-08-27
ACN0276,CN0200,Current,LBP,35756276150.48,2018-12-01
ACN0277,CN0355,Savings,QAR,706464.11,2022-01-21
ACN0278,CN0283,Current,LBP,9123815063.92,2025-02-01
ACN0279,CN0116,Term deposit,LBP,28997317704.11,2024-12-02
ACN0280,CN0398,Savings,USD,224683.05,2025-11-18
ACN0281,CN0039,Current,USD,257166.5,2026-09-11
ACN0282,CN0021,Current,LBP,5859406745.44,2023-11-07
ACN0283,CN0003,Current,LBP,6965377421.5,2020-01-14
ACN0284,CN0166,Savings,LBP,28001922991.36,2026-09-22
ACN0285,CN0339,Current,LBP,24639798374.43,2024-09-25
ACN0286,CN0363,Current,USD,92342.61,2018-03-23
ACN0287,CN0259,Current,USD,202006.82,2024-09-27
ACN0288,CN0114,Term deposit,LBP,14845162285.84,2021-01-05
ACN0289,CN0112,Term deposit,LBP,21273359336.75,2025-07-13
ACN0290,CN0386,Term deposit,USD,334634.76,2025-12-05
ACN0291,CN0124,Term deposit,LBP,27812597825.19,2025-04-16
ACN0292,CN0350,Term deposit,USD,398205.19,2023-07-16
ACN0293,CN0198,Current,LBP,1149225823.48,2023-07-27
ACN0294,CN0395,Current,SAR,836458.76,2021-05-04
ACN0295,CN0152,Term deposit,USD,257190.4,2021-09-11
ACN0296,CN0086,Term deposit,LBP,23881849581.33,2024-09-13
ACN0297,CN0034,Current,LBP,9574797563.78,2026-07-04
ACN0298,CN0054,Current,SAR,1647672.36,2025-02-16
ACN0299,CN0332,Savings,USD,343178.75,2023-06-23
ACN0300,CN0236,Savings,USD,37087.39,2026-04-21
ACN0301,CN0129,Savings,LBP,10221705021.48,2024-01-20
ACN0302,CN0209,Current,LBP,19403242429.81,2021-06-27
ACN0303,CN0200,Savings,USD,320890.66,2022-08-16
ACN0304,CN0033,Savings,LBP,31377856433.48,2026-03-18
ACN0305,CN0184,Term deposit,USD,393552.5,2023-07-05
ACN0306,CN0311,Current,LBP,19611171681.01,2020-04-07
ACN0307,CN0339,Current,USD,110322.93,2026-08-16
ACN0308,CN0201,Savings,SAR,554406.55,2026-09-19
ACN0309,CN0074,Current,SAR,1810125.05,2025-08-09
ACN0310,CN0332,Current,QAR,1008226.61,2026-06-15
ACN0311,CN0073,Current,USD,298529.12,2024-07-18
ACN0312,CN0281,Term deposit,USD,374274.15,2022-01-31
ACN0313,CN0109,Current,LBP,22958546347.92,2018-01-11
ACN0314,CN0095,Current,SAR,365872.29,2022-03-25
ACN0315,CN0344,Savings,SAR,1596630.63,2026-07-18
ACN0316,CN0237,Savings,USD,336006.78,2020-09-10
ACN0317,CN0051,Current,LBP,42583579398.09,2022-01-10
ACN0318,CN0066,Savings,USD,142926.0,2016-05-31
ACN0319,CN0100,Current,USD,308363.04,2026-06-12
ACN0320,CN0356,Savings,LBP,16339520165.37,2021-10-31
ACN0321,CN0220,Current,USD,392937.23,2024-04-15
ACN0322,CN0379,Savings,USD,180063.26,2025-11-15
ACN0323,CN0376,Current,USD,222956.31,2023-12-17
ACN0324,CN0250,Savings,USD,303510.52,2026-06-25
ACN0325,CN0144,Term deposit,USD,269539.71,2022-08-25
ACN0326,CN0376,Term deposit,USD,38162.28,2020-09-28
ACN0327,CN0260,Savings,SAR,1086228.54,2022-10-03
ACN0328,CN0019,Savings,USD,499364.72,2026-08-10
ACN0329,CN0335,Savings,USD,112041.67,2026-08-21
ACN0330,CN0069,Current,USD,198694.19,2022-05-09
ACN0331,CN0006,Savings,SAR,1512625.34,2024-09-21
ACN0332,CN0351,Current,USD,223387.11,2017-10-25
ACN0333,CN0290,Term deposit,LBP,43307610136.43,2025-12-13
ACN0334,CN0375,Current,USD,109800.15,2026-07-30
ACN0335,CN0119,Current,USD,21882.82,2022-07-22
ACN0336,CN0266,Term deposit,USD,235102.28,2025-07-16
ACN0337,CN0024,Current,LBP,4659450007.79,2026-04-05
ACN0338,CN0325,Savings,SAR,495098.91,2018-11-22
ACN0339,CN0193,Savings,USD,326841.61,2020-01-13
ACN0340,CN0265,Current,QAR,407090.97,2025-04-29
ACN0341,CN0181,Savings,USD,396432.4,2026-04-09
ACN0342,CN0310,Current,SAR,825860.25,2026-06-24
ACN0343,CN0040,Savings,USD,75545.08,2022-09-17
ACN0344,CN0186,Savings,SAR,1240216.0,2026-06-24
ACN0345,CN0170,Savings,USD,239667.91,2020-02-25
ACN0346,CN0303,Current,SAR,43919.24,2018-08-29
ACN0347,CN0066,Savings,USD,314955.44,2016-01-27
ACN0348,CN0294,Current,USD,461262.21,2025-02-28
ACN0349,CN0208,Savings,LBP,877163348.17,2023-07-11
ACN0350,CN0044,Current,LBP,21119406355.33,2025-04-27
ACN0351,CN0088,Current,USD,71784.71,2022-10-20
ACN0352,CN0320,Savings,USD,362231.31,2023-09-20
ACN0353,CN0233,Savings,USD,189416.57,2022-03-13
ACN0354,CN0056,Current,USD,454714.94,2024-08-29
ACN0355,CN0077,Savings,USD,450853.31,2026-09-01
ACN0356,CN0020,Term deposit,USD,376315.38,2025-12-18
ACN0357,CN0247,Savings,SAR,1012025.06,2025-11-16
ACN0358,CN0397,Savings,USD,210631.67,2018-03-24
ACN0359,CN0358,Savings,USD,401248.95,2026-09-05
ACN0360,CN0394,Current,LBP,33188956008.74,2021-10-07
ACN0361,CN0218,Current,USD,116640.19,2024-05-08
ACN0362,CN0146,Savings,USD,129273.59,2023-07-19
ACN0363,CN0364,Savings,USD,261509.04,2024-12-26
ACN0364,CN0004,Current,USD,402241.43,2023-10-22
ACN0365,CN0186,Current,USD,292892.41,2026-04-06
ACN0366,CN0275,Current,USD,138142.49,2025-12-11
ACN0367,CN0204,Savings,USD,392002.31,2021-06-08
ACN0368,CN0092,Current,LBP,11389943083.93,2025-06-28
ACN0369,CN0296,Current,LBP,32938087505.79,2024-12-07
ACN0370,CN0061,Savings,USD,349806.07,2024-05-03
ACN0371,CN0052,Current,USD,169549.7,2022-08-07
ACN0372,CN0315,Savings,LBP,7230582882.8,2015-05-31
ACN0373,CN0047,Savings,USD,300322.6,2016-10-14
ACN0374,CN0033,Current,USD,304709.92,2026-09-01
ACN0375,CN0197,Term deposit,USD,328259.53,2024-08-02
ACN0376,CN0365,Term deposit,USD,386917.42,2026-07-03
ACN0377,CN0328,Current,USD,425358.53,2026-07-20
ACN0378,CN0147,Current,LBP,22868919289.04,2021-12-01
ACN0379,CN0315,Current,USD,120008.68,2015-04-20
ACN0380,CN0081,Current,USD,200017.13,2026-04-04
ACN0381,CN0203,Current,USD,8175.58,2026-05-14
ACN0382,CN0036,Term deposit,USD,363206.29,2022-09-12
ACN0383,CN0178,Term deposit,USD,303378.52,2018-03-24
ACN0384,CN0233,Term deposit,LBP,11717626317.94,2023-09-27
ACN0385,CN0260,Current,USD,147478.79,2021-09-06
ACN0386,CN0263,Term deposit,SAR,1525001.63,2020-03-31
ACN0387,CN0356,Current,USD,242073.13,2020-03-11
ACN0388,CN0388,Current,LBP,30515610266.38,2024-06-29
ACN0389,CN0015,Current,USD,191645.29,2022-05-18
ACN0390,CN0347,Savings,SAR,774400.4,2025-12-06
ACN0391,CN0265,Savings,LBP,11817863791.14,2023-12-30
ACN0392,CN0048,Current,LBP,15333627108.77,2025-04-15
ACN0393,CN0092,Current,USD,447210.97,2025-04-12
ACN0394,CN0094,Term deposit,LBP,40723284535.92,2026-06-26
ACN0395,CN0378,Current,LBP,39060921576.97,2025-04-29
ACN0396,CN0118,Current,USD,309489.15,2021-10-16
ACN0397,CN0399,Current,QAR,1230568.09,2026-06-25
ACN0398,CN0315,Current,SAR,1796315.81,2026-02-09
ACN0399,CN0191,Savings,USD,492687.98,2025-01-10
ACN0400,CN0141,Current,QAR,1667285.3,2020-12-07
ACN0401,CN0204,Current,LBP,2465457534.51,2024-12-26
ACN0402,CN0217,Current,USD,251486.37,2025-03-04
ACN0403,CN0352,Savings,USD,60623.91,2025-05-13
ACN0404,CN0236,Current,USD,337214.48,2026-06-12
ACN0405,CN0298,Current,USD,430990.09,2026-04-06
ACN0406,CN0281,Current,USD,479284.15,2022-01-25
ACN0407,CN0188,Current,USD,209836.93,2023-06-19
ACN0408,CN0187,Term deposit,USD,90354.67,2022-01-04
ACN0409,CN0295,Savings,SAR,1352052.46,2024-08-03
ACN0410,CN0285,Current,USD,73348.95,2024-03-25
ACN0411,CN0243,Savings,USD,250049.11,2025-12-15
ACN0412,CN0274,Savings,LBP,13457853121.72,2025-05-10
ACN0413,CN0291,Current,USD,82089.27,2026-05-02
ACN0414,CN0131,Current,LBP,20155622149.95,2024-06-12
ACN0415,CN0134,Current,LBP,41703094721.29,2025-04-30
ACN0416,CN0177,Current,USD,433750.61,2022-12-03
ACN0417,CN0102,Savings,LBP,24115766772.74,2021-03-19
ACN0418,CN0182,Current,USD,387484.81,2026-08-19
ACN0419,CN0041,Current,USD,316040.24,2026-04-15
ACN0420,CN0086,Savings,QAR,768758.3,2024-07-16
ACN0421,CN0293,Current,SAR,150061.53,2022-05-21
ACN0422,CN0117,Current,LBP,31804856560.51,2023-06-13
ACN0423,CN0139,Term deposit,LBP,42012690164.31,2023-12-03
ACN0424,CN0301,Savings,USD,84075.39,2026-08-02
ACN0425,CN0012,Current,USD,126197.68,2025-12-05
ACN0426,CN0359,Savings,USD,198824.27,2022-04-17
ACN0427,CN0033,Term deposit,USD,27385.81,2026-09-13
ACN0428,CN0204,Savings,QAR,190780.55,2022-12-15
ACN0429,CN0080,Current,QAR,710630.58,2019-10-02
ACN0430,CN0127,Savings,USD,63642.65,2022-07-17
ACN0431,CN0088,Current,LBP,38507753074.67,2024-05-30
ACN0432,CN0244,Current,SAR,1752980.09,2023-09-27
ACN0433,CN0228,Current,QAR,982341.87,2024-08-10
ACN0434,CN0324,Savings,SAR,816641.99,2022-06-15
ACN0435,CN0178,Current,USD,45232.23,2019-07-02
ACN0436,CN0188,Current,USD,5772.63,2018-03-04
ACN0437,CN0177,Current,USD,344041.1,2021-08-24
ACN0438,CN0387,Current,USD,215502.44,2019-11-12
ACN0439,CN0306,Current,USD,187135.12,2024-08-09
ACN0440,CN0288,Current,USD,357611.52,2024-04-19
ACN0441,CN0194,Current,USD,312848.85,2026-07-15
ACN0442,CN0392,Savings,LBP,31066820881.99,2025-01-09
ACN0443,CN0146,Savings,USD,134776.6,2024-07-27
ACN0444,CN0036,Current,USD,318627.91,2025-01-17
ACN0445,CN0140,Savings,USD,160661.54,2017-11-30
ACN0446,CN0026,Term deposit,USD,486180.14,2025-04-01
ACN0447,CN0138,Current,USD,4597.94,2022-02-11
ACN0448,CN0078,Current,USD,210411.39,2025-10-29
ACN0449,CN0191,Current,LBP,14808598327.9,2020-03-22
ACN0450,CN0029,Current,USD,271824.38,2026-06-21
ACN0451,CN0099,Term deposit,USD,191097.92,2024-03-18
ACN0452,CN0063,Term deposit,LBP,17247236283.69,2026-09-10
ACN0453,CN0227,Current,QAR,363964.87,2023-12-11
ACN0454,CN0267,Savings,USD,194866.92,2024-07-05
ACN0455,CN0166,Current,LBP,33337848471.45,2026-08-16
ACN0456,CN0267,Current,USD,149757.14,2025-01-19
ACN0457,CN0027,Term deposit,USD,56907.77,2026-07-31
ACN0458,CN0223,Current,USD,138411.97,2017-03-04
ACN0459,CN0203,Savings,USD,21475.69,2026-06-24
ACN0460,CN0354,Current,LBP,16648220092.64,2016-12-17
ACN0461,CN0128,Current,USD,309513.11,2020-10-20
ACN0462,CN0031,Current,USD,268408.49,2023-02-06
ACN0463,CN0065,Current,USD,279396.05,2024-11-08
ACN0464,CN0225,Savings,USD,189195.58,2017-02-20
ACN0465,CN0129,Term deposit,USD,219031.25,2024-04-03
ACN0466,CN0278,Savings,USD,93720.05,2023-06-03
ACN0467,CN0166,Savings,USD,415759.12,2026-08-16
ACN0468,CN0083,Current,USD,148188.49,2021-12-24
ACN0469,CN0278,Current,USD,319194.02,2023-08-06
ACN0470,CN0376,Current,USD,428486.23,2023-03-19
ACN0471,CN0165,Savings,LBP,24138936036.96,2023-10-29
ACN0472,CN0098,Savings,USD,275958.17,2026-05-01
ACN0473,CN0145,Current,LBP,4983076728.27,2026-08-16
ACN0474,CN0338,Current,SAR,244958.42,2026-01-05
ACN0475,CN0104,Current,USD,16392.67,2022-12-28
ACN0476,CN0337,Current,LBP,26434299849.84,2019-02-20
ACN0477,CN0188,Current,LBP,629767811.63,2019-10-18
ACN0478,CN0336,Current,SAR,151644.09,2025-06-05
ACN0479,CN0032,Current,LBP,39851673027.74,2026-08-05
ACN0480,CN0363,Current,LBP,23694758518.11,2025-09-10
ACN0481,CN0037,Savings,USD,108342.08,2025-09-03
ACN0482,CN0050,Current,USD,192972.88,2019-08-20
ACN0483,CN0270,Savings,LBP,42403123894.28,2023-11-05
ACN0484,CN0384,Savings,LBP,34301641862.67,2022-07-31
ACN0485,CN0346,Current,LBP,39511618492.08,2025-07-29
ACN0486,CN0093,Savings,USD,328937.17,2025-08-09
ACN0487,CN0308,Current,USD,157919.92,2026-03-07
ACN0488,CN0191,Current,LBP,36978214697.94,2022-03-18
ACN0489,CN0312,Current,USD,187844.01,2026-09-01
ACN0490,CN0382,Current,QAR,815455.17,2024-04-03
ACN0491,CN0001,Savings,QAR,1085024.06,2025-06-04
ACN0492,CN0070,Term deposit,USD,150516.81,2025-03-03
ACN0493,CN0110,Term deposit,USD,411058.99,2025-08-19
ACN0494,CN0142,Term deposit,USD,285548.77,2025-11-20
ACN0495,CN0080,Current,USD,78475.5,2020-07-20
ACN0496,CN0188,Term deposit,USD,128493.8,2021-11-07
ACN0497,CN0048,Savings,LBP,9765337971.77,2022-08-12
ACN0498,CN0371,Current,USD,244394.06,2026-05-22
ACN0499,CN0360,Savings,SAR,1116817.45,2024-07-31
ACN0500,CN0020,Savings,LBP,3553101604.08,2025-11-29
ACN0501,CN0395,Current,SAR,815381.42,2022-03-14
ACN0502,CN0395,Current,LBP,26970795137.53,2020-12-22
ACN0503,CN0325,Savings,USD,152739.3,2015-12-01
ACN0504,CN0164,Savings,USD,251449.6,2019-03-20
ACN0505,CN0079,Current,LBP,17608669526.2,2021-11-10
ACN0506,CN0386,Savings,USD,111431.77,2025-06-28
ACN0507,CN0202,Current,USD,238189.4,2023-11-21
ACN0508,CN0026,Savings,USD,199564.26,2026-02-07
ACN0509,CN0397,Savings,LBP,21544510681.46,2019-12-18
ACN0510,CN0250,Current,LBP,25131888288.49,2025-04-17
ACN0511,CN0269,Current,USD,388497.56,2023-03-09
ACN0512,CN0351,Term deposit,USD,336037.9,2020-07-22
ACN0513,CN0188,Current,USD,297141.64,2015-08-29
ACN0514,CN0395,Current,QAR,1122220.69,2025-10-22
ACN0515,CN0320,Current,USD,409176.87,2022-12-01
ACN0516,CN0351,Current,LBP,38167784301.27,2017-01-25
ACN0517,CN0379,Current,QAR,1686781.4,2026-08-30
ACN0518,CN0148,Current,LBP,5019460466.01,2025-05-26
ACN0519,CN0242,Current,USD,269233.73,2024-07-11
ACN0520,CN0280,Savings,USD,241771.65,2026-05-26
ACN0521,CN0073,Savings,LBP,16881045329.34,2026-08-12
ACN0522,CN0340,Savings,USD,30524.97,2026-08-26
ACN0523,CN0357,Savings,USD,327551.56,2022-12-24
ACN0524,CN0035,Current,USD,426115.43,2022-12-04
ACN0525,CN0185,Term deposit,USD,433771.52,2024-06-29
ACN0526,CN0198,Current,USD,488317.66,2018-11-20
ACN0527,CN0162,Current,LBP,3979736004.88,2019-03-13
ACN0528,CN0257,Term deposit,LBP,31895863279.46,2025-08-29
ACN0529,CN0127,Term deposit,USD,245221.46,2024-12-25
ACN0530,CN0081,Current,LBP,15932018291.32,2024-03-13
ACN0531,CN0121,Term deposit,QAR,503416.37,2025-04-14
ACN0532,CN0321,Current,USD,499975.92,2014-09-27
ACN0533,CN0285,Term deposit,USD,171222.18,2025-08-05
ACN0534,CN0337,Current,LBP,23323571398.77,2026-03-11
ACN0535,CN0314,Term deposit,LBP,18701741140.46,2026-04-01
ACN0536,CN0079,Current,USD,302881.76,2021-11-24
ACN0537,CN0278,Current,LBP,26019872730.85,2025-04-21
ACN0538,CN0104,Term deposit,USD,352715.63,2026-01-09
ACN0539,CN0070,Current,SAR,1444274.9,2024-10-23
ACN0540,CN0163,Current,USD,359860.53,2023-04-10
ACN0541,CN0163,Savings,USD,15226.93,2024-01-10
ACN0542,CN0212,Term deposit,USD,372932.06,2025-01-11
ACN0543,CN0078,Savings,USD,92780.88,2020-08-20
ACN0544,CN0311,Savings,USD,116475.18,2023-07-18
ACN0545,CN0014,Current,LBP,21351371397.63,2025-08-13
ACN0546,CN0310,Current,LBP,8269464432.96,2026-08-04
ACN0547,CN0252,Current,USD,113523.39,2022-02-11
ACN0548,CN0392,Term deposit,QAR,1729451.08,2024-11-19
ACN0549,CN0381,Savings,USD,102678.77,2023-12-15
ACN0550,CN0225,Term deposit,USD,162785.37,2024-05-19
ACN0551,CN0127,Current,LBP,27222410751.36,2025-11-17
ACN0552,CN0195,Savings,USD,469600.0,2026-04-12
ACN0553,CN0305,Savings,LBP,31522277599.08,2024-10-25
ACN0554,CN0267,Current,USD,438944.6,2023-10-07
ACN0555,CN0266,Savings,QAR,73186.51,2024-01-12
ACN0556,CN0265,Savings,QAR,347002.09,2025-09-14
ACN0557,CN0204,Term deposit,LBP,12826633154.48,2017-11-21
ACN0558,CN0217,Current,SAR,1294243.14,2026-08-08
ACN0559,CN0073,Current,LBP,4087928916.65,2024-05-04
ACN0560,CN0058,Current,LBP,40025907637.82,2026-06-05
ACN0561,CN0070,Current,USD,12943.6,2026-06-21
ACN0562,CN0303,Term deposit,SAR,1654998.56,2019-03-10
ACN0563,CN0129,Current,LBP,31851182844.92,2023-07-10
ACN0564,CN0368,Savings,USD,353260.24,2024-02-02
ACN0565,CN0044,Savings,USD,395637.76,2025-08-28
ACN0566,CN0314,Term deposit,USD,190613.2,2026-07-10
ACN0567,CN0088,Term deposit,LBP,29529218759.2,2022-06-12
ACN0568,CN0084,Term deposit,USD,356167.72,2023-11-13
ACN0569,CN0158,Current,LBP,19994835922.19,2019-06-21
ACN0570,CN0061,Term deposit,QAR,8243.45,2024-11-06
ACN0571,CN0007,Current,SAR,1019920.61,2021-04-21
ACN0572,CN0312,Term deposit,USD,294636.73,2026-08-13
ACN0573,CN0233,Current,USD,300251.0,2022-10-30
ACN0574,CN0281,Current,LBP,36708481828.67,2019-01-11
ACN0575,CN0026,Current,USD,174835.41,2024-06-25
ACN0576,CN0017,Savings,SAR,560893.32,2015-12-24
ACN0577,CN0026,Current,QAR,295156.48,2025-04-06
ACN0578,CN0313,Savings,LBP,25628786184.5,2026-06-16
ACN0579,CN0091,Term deposit,LBP,16147073537.86,2018-05-08
ACN0580,CN0048,Savings,USD,448816.12,2022-07-23
ACN0581,CN0389,Current,LBP,13135909658.79,2023-11-03
ACN0582,CN0063,Savings,USD,263762.84,2024-03-02
ACN0583,CN0108,Savings,LBP,4931133716.03,2025-12-22
ACN0584,CN0323,Savings,USD,362175.03,2023-04-25
ACN0585,CN0362,Current,LBP,14193450129.81,2026-07-08
ACN0586,CN0295,Term deposit,USD,65291.71,2026-06-04
ACN0587,CN0255,Savings,LBP,22062284729.6,2017-12-13
ACN0588,CN0313,Current,USD,97180.94,2025-11-01
ACN0589,CN0013,Current,LBP,33013458099.35,2026-02-27
ACN0590,CN0316,Term deposit,USD,167229.23,2026-08-20
ACN0591,CN0327,Current,LBP,30892135240.57,2022-08-14
ACN0592,CN0035,Current,USD,162299.96,2015-08-05
ACN0593,CN0059,Savings,USD,362336.12,2022-06-24
ACN0594,CN0015,Savings,USD,416995.74,2025-04-12
ACN0595,CN0243,Savings,LBP,21570127734.98,2025-04-28
ACN0596,CN0275,Term deposit,USD,407176.23,2026-04-17
ACN0597,CN0029,Savings,USD,362619.6,2026-07-25
ACN0598,CN0285,Savings,USD,342903.9,2025-05-17
ACN0599,CN0034,Term deposit,USD,16071.0,2026-06-09
ACN0600,CN0321,Savings,USD,303041.7,2018-04-13
