transaction_id,account_id,date,amount,currency,type,channel
TN00003,ACN0168,2026-09-16,1263.43,USD,Transfer,ATM
TN00009,ACN0110,2026-09-16,2878.67,SAR,Transfer,Mobile
TN00014,ACN0039,2026-09-16,5134.35,USD,Deposit,Mobile
TN00016,ACN0077,2026-09-16,-5899.6,EUR,Withdrawal,Online
TN00024,ACN0222,2026-09-16,6847.49,EUR,Deposit,Mobile
TN00029,ACN0131,2026-09-16,4334.43,USD,Deposit,Mobile
TN00037,ACN0265,2026-09-16,-98.86,USD,Fee,ATM
TN00055,ACN0007,2026-09-16,6469.89,EUR,Deposit,ATM
TN00057,ACN0308,2026-09-16,19783.79,SAR,Deposit,Online
TN00067,ACN0110,2026-09-16,5943.91,SAR,Transfer,Mobile
TN00071,ACN0222,2026-09-16,7555.75,EUR,Deposit,Online
TN00079,ACN0278,2026-09-16,-1262.29,USD,Withdrawal,Online
TN00083,ACN0108,2026-09-16,1409.65,USD,Transfer,Online
TN00091,ACN0019,2026-09-16,5665.0,USD,Deposit,Online
TN00097,ACN0114,2026-09-16,-3847.78,USD,Withdrawal,Mobile
TN00108,ACN0013,2026-09-16,-8.67,LBP,Fee,Online
TN00142,ACN0207,2026-09-16,14428.8,USD,Transfer,Mobile
TN00152,ACN0192,2026-09-16,-2178.84,USD,Withdrawal,Branch
TN00158,ACN0302,2026-09-16,-6241.59,QAR,Withdrawal,Mobile
TN00168,ACN0168,2026-09-16,5165.24,USD,Transfer,Mobile
TN00181,ACN0071,2026-09-16,-94.93,USD,Fee,Mobile
TN00183,ACN0271,2026-09-16,9868.29,USD,Deposit,ATM
TN00204,ACN0062,2026-09-16,1206.24,USD,Deposit,Mobile
TN00220,ACN0126,2026-09-16,12115.54,USD,Deposit,Branch
TN00221,ACN0041,2026-09-16,5781.06,SAR,Deposit,Online
TN00229,ACN0101,2026-09-16,13608.24,USD,Transfer,Online
TN00232,ACN0274,2026-09-16,5367.98,QAR,Transfer,ATM
TN00241,ACN0070,2026-09-16,5463.81,USD,Deposit,Branch
TN00244,ACN0170,2026-09-16,-366.86,USD,Withdrawal,Mobile
TN00246,ACN0249,2026-09-16,7716.61,USD,Deposit,Branch
TN00247,ACN0160,2026-09-16,15158.5,SAR,Deposit,Online
TN00250,ACN0238,2026-09-16,4000.74,QAR,Deposit,Online
TN00253,ACN0273,2026-09-16,6386.36,USD,Transfer,Mobile
TN00255,ACN0094,2026-09-16,-1621.09,USD,Withdrawal,ATM
TN00257,ACN0195,2026-09-16,-5762.06,USD,Withdrawal,Online
TN00264,ACN0132,2026-09-16,10221.23,LBP,Transfer,Mobile
TN00275,ACN0256,2026-09-16,8950.74,USD,Deposit,Mobile
TN00277,ACN0267,2026-09-16,14727.31,USD,Deposit,Branch
TN00287,ACN0010,2026-09-16,17644.83,QAR,Deposit,Mobile
TN00288,ACN0274,2026-09-16,-255.67,QAR,Withdrawal,Branch
TN00292,ACN0191,2026-09-16,12685.87,USD,Transfer,Online
TN00301,ACN0018,2026-09-16,2537.69,QAR,Deposit,Branch
TN00306,ACN0171,2026-09-16,-6987.99,LBP,Withdrawal,Online
TN00313,ACN0281,2026-09-16,6302.57,USD,Deposit,Mobile
TN00317,ACN0053,2026-09-16,2625.96,LBP,Deposit,Online
TN00323,ACN0250,2026-09-16,-5054.42,EUR,Withdrawal,Branch
TN00327,ACN0017,2026-09-16,5321.72,LBP,Transfer,Online
TN00332,ACN0166,2026-09-16,-1972.84,LBP,Withdrawal,Mobile
TN00334,ACN0116,2026-09-16,10340.52,USD,Deposit,Online
TN00340,ACN0068,2026-09-16,-1718.39,USD,Withdrawal,Branch
TN00341,ACN0175,2026-09-16,4802.48,USD,Deposit,ATM
TN00342,ACN0035,2026-09-16,12981.54,QAR,Deposit,Online
TN00362,ACN0012,2026-09-16,-4874.45,LBP,Withdrawal,Mobile
TN00363,ACN0284,2026-09-16,8687.23,USD,Deposit,Branch
TN00374,ACN0074,2026-09-16,-941.24,LBP,Withdrawal,Online
TN00379,ACN0198,2026-09-16,13455.36,USD,Transfer,Online
TN00384,ACN0221,2026-09-16,-1966.62,USD,Withdrawal,Online
TN00385,ACN0299,2026-09-16,6294.06,QAR,Transfer,ATM
TN00391,ACN0199,2026-09-16,-2934.59,USD,Withdrawal,ATM
TN00393,ACN0083,2026-09-16,-5224.25,USD,Withdrawal,Mobile
TN00397,ACN0207,2026-09-16,-5062.12,USD,Withdrawal,ATM
TN00400,ACN0169,2026-09-16,12957.89,USD,Deposit,ATM
TN00403,ACN0239,2026-09-16,4399.6,USD,Transfer,Online
TN00406,ACN0181,2026-09-16,9215.98,USD,Deposit,Mobile
TN00416,ACN0018,2026-09-16,8640.84,QAR,Deposit,Online
TN00419,ACN0184,2026-09-16,-3693.28,SAR,Withdrawal,Online
TN00428,ACN0279,2026-09-16,-95.16,USD,Fee,Branch
TN00437,ACN0170,2026-09-16,5057.39,USD,Deposit,Branch
TN00443,ACN0004,2026-09-16,-6139.63,USD,Withdrawal,Mobile
TN00462,ACN0117,2026-09-16,-3479.36,LBP,Withdrawal,Mobile
TN00483,ACN0126,2026-09-16,18408.5,USD,Deposit,Mobile
TN00496,ACN0249,2026-09-16,5557.3,USD,Transfer,Online
TN00498,ACN0226,2026-09-16,-4.62,USD,Fee,Branch
TN00511,ACN0163,2026-09-16,-7175.11,USD,Withdrawal,Mobile
TN00525,ACN0050,2026-09-16,13952.07,USD,Deposit,ATM
TN00528,ACN0313,2026-09-16,-48.15,USD,Fee,Mobile
TN00540,ACN0156,2026-09-16,4855.83,USD,Transfer,Mobile
TN00545,ACN0284,2026-09-16,-37.96,USD,Fee,Online
TN00546,ACN0103,2026-09-16,-4570.79,USD,Withdrawal,Mobile
TN00558,ACN0124,2026-09-16,7558.94,USD,Transfer,Mobile
TN00560,ACN0003,2026-09-16,-4066.92,USD,Withdrawal,Mobile
TN00579,ACN0039,2026-09-16,13909.11,USD,Deposit,Mobile
TN00585,ACN0068,2026-09-16,10233.55,USD,Deposit,Branch
TN00601,ACN0089,2026-09-16,13633.75,LBP,Deposit,Branch
TN00603,ACN0179,2026-09-16,8983.18,USD,Transfer,Mobile
TN00614,ACN0163,2026-09-16,-2477.44,USD,Withdrawal,Mobile
TN00619,ACN0303,2026-09-16,15220.98,USD,Deposit,ATM
TN00624,ACN0204,2026-09-16,-6426.31,USD,Withdrawal,Mobile
TN00627,ACN0136,2026-09-16,-368.97,EUR,Withdrawal,Mobile
TN00630,ACN0097,2026-09-16,3762.4,QAR,Deposit,ATM
TN00636,ACN0240,2026-09-16,-4638.01,LBP,Withdrawal,Mobile
TN00640,ACN0040,2026-09-16,-626.87,USD,Withdrawal,Online
TN00656,ACN0160,2026-09-16,-6799.2,SAR,Withdrawal,Online
TN00661,ACN0162,2026-09-16,-3641.72,USD,Withdrawal,Mobile
TN00662,ACN0153,2026-09-16,-6104.93,USD,Withdrawal,Mobile
TN00675,ACN0303,2026-09-16,-90.29,USD,Fee,ATM
TN00687,ACN0301,2026-09-16,16435.88,EUR,Deposit,Online
TN00690,ACN0028,2026-09-16,-4758.06,USD,Withdrawal,Online
TN00692,ACN0212,2026-09-16,5778.45,LBP,Transfer,Mobile
TN00698,ACN0125,2026-09-16,17858.44,USD,Deposit,Mobile
TN00728,ACN0148,2026-09-16,12292.21,USD,Deposit,Mobile
TN00736,ACN0083,2026-09-16,14061.09,USD,Transfer,Online
TN00737,ACN0085,2026-09-16,5626.77,SAR,Deposit,Mobile
TN00738,ACN0006,2026-09-16,13119.48,USD,Deposit,Mobile
TN00746,ACN0075,2026-09-16,4968.7,USD,Transfer,Online
TN00766,ACN0156,2026-09-16,9261.08,USD,Transfer,Online
TN00795,ACN0255,2026-09-16,9390.19,USD,Deposit,Mobile
TN00805,ACN0109,2026-09-16,-3959.19,LBP,Withdrawal,Mobile
TN00816,ACN0212,2026-09-16,-7051.76,LBP,Withdrawal,ATM
TN00818,ACN0027,2026-09-16,5870.01,EUR,Deposit,Mobile
TN00822,ACN0311,2026-09-16,-2614.84,LBP,Withdrawal,Mobile
TN00828,ACN0081,2026-09-16,-41.29,QAR,Fee,Branch
TN00844,ACN0236,2026-09-16,-51.82,USD,Fee,Mobile
TN00846,ACN0009,2026-09-16,1717.3,SAR,Deposit,Mobile
TN00853,ACN0192,2026-09-16,2075.21,USD,Transfer,Mobile
TN00866,ACN0310,2026-09-16,5324.23,LBP,Transfer,Mobile
TN00877,ACN0197,2026-09-16,12447.12,LBP,Deposit,Mobile
TN00879,ACN0038,2026-09-16,-6667.91,USD,Withdrawal,Mobile
TN00890,ACN0173,2026-09-16,7226.39,USD,Deposit,Online
TN00894,ACN0106,2026-09-16,11874.66,USD,Transfer,Branch
TN00909,ACN0234,2026-09-16,-2126.72,EUR,Withdrawal,Mobile
TN00919,ACN0296,2026-09-16,-2586.29,LBP,Withdrawal,Branch
TN00927,ACN0127,2026-09-16,-103.9,USD,Fee,ATM
TN00934,ACN0298,2026-09-16,-7465.07,USD,Withdrawal,Online
TN00935,ACN0297,2026-09-16,-57.58,USD,Fee,Online
TN00940,ACN0019,2026-09-16,-1540.62,USD,Withdrawal,Online
TN00945,ACN0094,2026-09-16,5666.58,USD,Deposit,ATM
TN00950,ACN0284,2026-09-16,-5708.22,USD,Withdrawal,Mobile
TN00951,ACN0075,2026-09-16,12445.93,USD,Deposit,Online
TN00955,ACN0038,2026-09-16,19320.76,USD,Deposit,Online
TN00970,ACN0245,2026-09-16,5496.65,USD,Transfer,Online
TN00982,ACN0002,2026-09-16,6316.16,USD,Transfer,Branch
TN00984,ACN0194,2026-09-16,3405.28,LBP,Deposit,Mobile
TN00994,ACN0015,2026-09-16,-1138.96,LBP,Withdrawal,Mobile
TN00998,ACN0269,2026-09-16,-857.36,LBP,Withdrawal,ATM
TN00002,ACN0170,2026-09-17,-5088.76,USD,Withdrawal,Mobile
TN00011,ACN0183,2026-09-17,13024.65,USD,Transfer,Online
TN00012,ACN0166,2026-09-17,-827.47,LBP,Withdrawal,Mobile
TN00013,ACN0123,2026-09-17,792.58,USD,Deposit,Mobile
TN00022,ACN0270,2026-09-17,4122.96,USD,Deposit,Mobile
TN00026,ACN0129,2026-09-17,-3758.43,EUR,Withdrawal,Online
TN00030,ACN0094,2026-09-17,1572.79,USD,Transfer,ATM
TN00045,ACN0075,2026-09-17,-7298.06,USD,Withdrawal,Branch
TN00048,ACN0007,2026-09-17,2419.37,EUR,Deposit,Branch
TN00060,ACN0115,2026-09-17,13192.52,QAR,Deposit,ATM
TN00065,ACN0026,2026-09-17,15831.92,EUR,Deposit,Mobile
TN00074,ACN0129,2026-09-17,-42.38,EUR,Fee,Branch
TN00089,ACN0183,2026-09-17,10114.88,USD,Transfer,Online
TN00096,ACN0116,2026-09-17,4013.53,USD,Deposit,Mobile
TN00112,ACN0099,2026-09-17,7160.72,USD,Transfer,Online
TN00113,ACN0135,2026-09-17,8464.42,USD,Transfer,ATM
TN00123,ACN0025,2026-09-17,2052.22,USD,Deposit,Mobile
TN00125,ACN0222,2026-09-17,-41.41,EUR,Fee,Online
TN00126,ACN0077,2026-09-17,-7627.31,EUR,Withdrawal,Online
TN00133,ACN0105,2026-09-17,17014.05,LBP,Deposit,Online
TN00136,ACN0283,2026-09-17,19177.89,QAR,Deposit,Branch
TN00144,ACN0110,2026-09-17,12898.88,SAR,Transfer,ATM
TN00153,ACN0266,2026-09-17,6060.37,LBP,Transfer,Mobile
TN00155,ACN0057,2026-09-17,-3158.66,QAR,Withdrawal,Mobile
TN00156,ACN0050,2026-09-17,13876.26,USD,Transfer,Mobile
TN00160,ACN0085,2026-09-17,5829.73,SAR,Transfer,Mobile
TN00163,ACN0180,2026-09-17,10211.74,LBP,Deposit,Mobile
TN00171,ACN0287,2026-09-17,1599.89,SAR,Transfer,Online
TN00172,ACN0286,2026-09-17,1651.75,USD,Deposit,ATM
TN00173,ACN0090,2026-09-17,-44.61,USD,Fee,Mobile
TN00177,ACN0040,2026-09-17,-25.76,USD,Withdrawal,Online
TN00178,ACN0222,2026-09-17,13032.61,EUR,Transfer,ATM
TN00184,ACN0178,2026-09-17,-7763.38,USD,Withdrawal,Mobile
TN00186,ACN0181,2026-09-17,-7030.23,USD,Withdrawal,Online
TN00197,ACN0184,2026-09-17,2484.72,SAR,Deposit,ATM
TN00205,ACN0131,2026-09-17,11550.62,USD,Deposit,Mobile
TN00209,ACN0248,2026-09-17,-3084.49,USD,Withdrawal,Mobile
TN00222,ACN0081,2026-09-17,3029.29,QAR,Transfer,Online
TN00223,ACN0196,2026-09-17,-1753.99,QAR,Withdrawal,Online
TN00225,ACN0187,2026-09-17,-3197.08,USD,Withdrawal,Mobile
TN00231,ACN0273,2026-09-17,12310.52,USD,Deposit,Online
TN00234,ACN0087,2026-09-17,6360.01,EUR,Transfer,Online
TN00238,ACN0271,2026-09-17,11728.61,USD,Deposit,ATM
TN00239,ACN0251,2026-09-17,9134.68,USD,Transfer,ATM
TN00240,ACN0065,2026-09-17,14951.41,USD,Deposit,Online
TN00259,ACN0254,2026-09-17,15798.4,LBP,Deposit,ATM
TN00270,ACN0208,2026-09-17,-632.33,USD,Withdrawal,Mobile
TN00302,ACN0189,2026-09-17,11039.67,EUR,Transfer,Mobile
TN00305,ACN0097,2026-09-17,14523.83,QAR,Deposit,ATM
TN00308,ACN0124,2026-09-17,-7695.33,USD,Withdrawal,Online
TN00309,ACN0229,2026-09-17,3001.79,SAR,Transfer,Mobile
TN00318,ACN0094,2026-09-17,-391.52,USD,Withdrawal,ATM
TN00322,ACN0137,2026-09-17,4236.9,EUR,Deposit,Online
TN00328,ACN0065,2026-09-17,-7713.2,USD,Withdrawal,Mobile
TN00330,ACN0081,2026-09-17,4017.11,QAR,Transfer,Mobile
TN00336,ACN0144,2026-09-17,-3720.57,USD,Withdrawal,Mobile
TN00366,ACN0188,2026-09-17,13258.4,LBP,Transfer,Mobile
TN00367,ACN0238,2026-09-17,-73.41,QAR,Fee,ATM
TN00368,ACN0151,2026-09-17,-3241.1,EUR,Withdrawal,Mobile
TN00370,ACN0172,2026-09-17,8061.84,EUR,Transfer,Mobile
TN00375,ACN0133,2026-09-17,2816.15,USD,Transfer,Branch
TN00402,ACN0118,2026-09-17,-94.63,USD,Fee,Online
TN00409,ACN0011,2026-09-17,-3185.3,USD,Withdrawal,Online
TN00417,ACN0110,2026-09-17,-9.19,SAR,Fee,Mobile
TN00421,ACN0252,2026-09-17,11764.39,QAR,Transfer,ATM
TN00423,ACN0288,2026-09-17,1808.46,USD,Transfer,Mobile
TN00426,ACN0298,2026-09-17,257.47,USD,Deposit,ATM
TN00429,ACN0247,2026-09-17,-139.17,EUR,Fee,Online
TN00453,ACN0232,2026-09-17,-4209.05,SAR,Withdrawal,Mobile
TN00455,ACN0125,2026-09-17,2248.3,USD,Deposit,Online
TN00480,ACN0094,2026-09-17,-7887.98,USD,Withdrawal,ATM
TN00485,ACN0054,2026-09-17,-5989.79,LBP,Withdrawal,ATM
TN00487,ACN0144,2026-09-17,-91.85,USD,Fee,Mobile
TN00504,ACN0050,2026-09-17,12983.61,USD,Transfer,Mobile
TN00505,ACN0185,2026-09-17,-5837.21,USD,Withdrawal,Online
TN00507,ACN0262,2026-09-17,-5408.27,SAR,Withdrawal,ATM
TN00529,ACN0007,2026-09-17,-7802.79,EUR,Withdrawal,Mobile
TN00531,ACN0042,2026-09-17,-4485.05,USD,Withdrawal,ATM
TN00532,ACN0068,2026-09-17,-130.52,USD,Fee,Online
TN00557,ACN0259,2026-09-17,2152.13,LBP,Transfer,ATM
TN00586,ACN0267,2026-09-17,2220.7,USD,Deposit,ATM
TN00591,ACN0127,2026-09-17,18187.61,USD,Deposit,Mobile
TN00608,ACN0209,2026-09-17,10080.42,USD,Transfer,Mobile
TN00616,ACN0171,2026-09-17,-3630.07,LBP,Withdrawal,ATM
TN00632,ACN0068,2026-09-17,-87.95,USD,Fee,Mobile
TN00633,ACN0043,2026-09-17,-57.39,SAR,Fee,Mobile
TN00639,ACN0225,2026-09-17,12251.45,LBP,Transfer,Online
TN00642,ACN0040,2026-09-17,-43.93,USD,Fee,Mobile
TN00643,ACN0237,2026-09-17,7179.05,USD,Transfer,ATM
TN00644,ACN0056,2026-09-17,3520.4,USD,Transfer,Branch
TN00651,ACN0211,2026-09-17,1614.49,USD,Deposit,ATM
TN00673,ACN0215,2026-09-17,-4438.8,LBP,Withdrawal,Mobile
TN00681,ACN0061,2026-09-17,-7799.1,USD,Withdrawal,ATM
TN00704,ACN0058,2026-09-17,15003.96,LBP,Deposit,ATM
TN00706,ACN0209,2026-09-17,887.81,USD,Transfer,Branch
TN00710,ACN0131,2026-09-17,9835.59,USD,Deposit,Online
TN00716,ACN0309,2026-09-17,9507.57,SAR,Transfer,Online
TN00721,ACN0018,2026-09-17,14752.93,QAR,Deposit,Mobile
TN00723,ACN0289,2026-09-17,10474.54,EUR,Deposit,Mobile
TN00724,ACN0182,2026-09-17,623.37,USD,Transfer,Mobile
TN00726,ACN0140,2026-09-17,-4107.28,USD,Withdrawal,ATM
TN00730,ACN0072,2026-09-17,-145.16,LBP,Fee,Mobile
TN00739,ACN0273,2026-09-17,1920.24,USD,Transfer,ATM
TN00744,ACN0084,2026-09-17,11861.8,SAR,Deposit,Mobile
TN00778,ACN0158,2026-09-17,13899.35,USD,Transfer,ATM
TN00780,ACN0135,2026-09-17,-4964.82,USD,Withdrawal,Mobile
TN00792,ACN0185,2026-09-17,9910.43,USD,Transfer,Mobile
TN00821,ACN0046,2026-09-17,-3505.86,LBP,Withdrawal,Mobile
TN00831,ACN0262,2026-09-17,-119.37,SAR,Fee,Mobile
TN00836,ACN0071,2026-09-17,2766.3,USD,Deposit,ATM
TN00840,ACN0215,2026-09-17,15324.39,LBP,Deposit,Online
TN00856,ACN0083,2026-09-17,-3425.75,USD,Withdrawal,Mobile
TN00863,ACN0160,2026-09-17,-5292.76,SAR,Withdrawal,Mobile
TN00876,ACN0207,2026-09-17,15138.84,USD,Deposit,Mobile
TN00884,ACN0077,2026-09-17,-67.67,EUR,Fee,Mobile
TN00885,ACN0222,2026-09-17,18899.13,EUR,Deposit,ATM
TN00898,ACN0015,2026-09-17,-6652.98,LBP,Withdrawal,Branch
TN00899,ACN0178,2026-09-17,-938.53,USD,Withdrawal,ATM
TN00900,ACN0146,2026-09-17,-7151.81,EUR,Withdrawal,Online
TN00902,ACN0018,2026-09-17,8853.09,QAR,Transfer,Mobile
TN00906,ACN0235,2026-09-17,4590.91,EUR,Deposit,ATM
TN00915,ACN0253,2026-09-17,17945.36,USD,Deposit,Branch
TN00918,ACN0192,2026-09-17,19724.87,USD,Deposit,Branch
TN00922,ACN0274,2026-09-17,216.91,QAR,Transfer,Mobile
TN00936,ACN0184,2026-09-17,12482.03,SAR,Deposit,Branch
TN00968,ACN0114,2026-09-17,11274.78,USD,Transfer,Mobile
TN00983,ACN0096,2026-09-17,12722.09,LBP,Transfer,ATM
TN00986,ACN0162,2026-09-17,-7115.26,USD,Withdrawal,Mobile
TN00988,ACN0294,2026-09-17,-70.13,USD,Fee,Mobile
TN00990,ACN0301,2026-09-17,1741.92,EUR,Deposit,Online
TN00995,ACN0111,2026-09-17,18659.4,EUR,Deposit,ATM
TN00004,ACN0038,2026-09-18,7447.03,USD,Transfer,Mobile
TN00005,ACN0036,2026-09-18,-1193.85,SAR,Withdrawal,Mobile
TN00006,ACN0311,2026-09-18,-2597.96,LBP,Withdrawal,ATM
TN00010,ACN0107,2026-09-18,-2874.61,USD,Withdrawal,ATM
TN00019,ACN0263,2026-09-18,7232.47,EUR,Deposit,Mobile
TN00020,ACN0046,2026-09-18,6244.77,LBP,Transfer,ATM
TN00031,ACN0209,2026-09-18,2356.45,USD,Transfer,Mobile
TN00051,ACN0083,2026-09-18,11858.12,USD,Deposit,Branch
TN00066,ACN0102,2026-09-18,9432.91,LBP,Deposit,ATM
TN00095,ACN0146,2026-09-18,17400.85,EUR,Deposit,Mobile
TN00114,ACN0253,2026-09-18,1751.19,USD,Deposit,Mobile
TN00115,ACN0014,2026-09-18,-62.65,USD,Fee,Mobile
TN00119,ACN0070,2026-09-18,9848.77,USD,Transfer,Branch
TN00120,ACN0161,2026-09-18,2849.07,QAR,Deposit,Branch
TN00127,ACN0293,2026-09-18,-6533.47,SAR,Withdrawal,Online
TN00146,ACN0073,2026-09-18,999.46,SAR,Transfer,Branch
TN00162,ACN0248,2026-09-18,-3256.33,USD,Withdrawal,Mobile
TN00170,ACN0107,2026-09-18,8763.54,USD,Deposit,Branch
TN00174,ACN0135,2026-09-18,-2354.86,USD,Withdrawal,ATM
TN00188,ACN0101,2026-09-18,13006.45,USD,Transfer,ATM
TN00189,ACN0004,2026-09-18,-19.4,USD,Fee,Branch
TN00191,ACN0124,2026-09-18,1444.86,USD,Transfer,Branch
TN00195,ACN0220,2026-09-18,7252.88,EUR,Transfer,Online
TN00210,ACN0215,2026-09-18,7855.74,LBP,Deposit,Mobile
TN00252,ACN0120,2026-09-18,-70.79,LBP,Fee,Online
TN00268,ACN0192,2026-09-18,9832.0,USD,Deposit,Mobile
TN00269,ACN0192,2026-09-18,13946.47,USD,Deposit,ATM
TN00271,ACN0051,2026-09-18,4263.13,USD,Transfer,Mobile
TN00273,ACN0197,2026-09-18,17761.54,LBP,Deposit,Mobile
TN00279,ACN0124,2026-09-18,16570.09,USD,Deposit,Branch
TN00280,ACN0006,2026-09-18,19436.92,USD,Deposit,ATM
TN00284,ACN0112,2026-09-18,5978.73,LBP,Deposit,Mobile
TN00286,ACN0181,2026-09-18,-7769.34,USD,Withdrawal,Mobile
TN00297,ACN0114,2026-09-18,14996.88,USD,Deposit,Mobile
TN00316,ACN0312,2026-09-18,-118.43,USD,Fee,ATM
TN00337,ACN0066,2026-09-18,3493.76,USD,Transfer,Online
TN00347,ACN0132,2026-09-18,18770.14,LBP,Deposit,Branch
TN00352,ACN0043,2026-09-18,-1799.28,SAR,Withdrawal,Mobile
TN00359,ACN0227,2026-09-18,15451.38,LBP,Deposit,Online
TN00361,ACN0102,2026-09-18,-5666.39,LBP,Withdrawal,Branch
TN00369,ACN0088,2026-09-18,-2968.19,USD,Withdrawal,ATM
TN00377,ACN0022,2026-09-18,105.93,EUR,Transfer,Online
TN00396,ACN0209,2026-09-18,-128.27,USD,Fee,Mobile
TN00404,ACN0302,2026-09-18,3493.64,QAR,Transfer,ATM
TN00433,ACN0277,2026-09-18,6852.16,USD,Transfer,Mobile
TN00449,ACN0220,2026-09-18,2209.39,EUR,Transfer,Mobile
TN00452,ACN0008,2026-09-18,7027.11,QAR,Transfer,Mobile
TN00464,ACN0231,2026-09-18,-5616.74,USD,Withdrawal,Online
TN00468,ACN0136,2026-09-18,13497.05,EUR,Deposit,Mobile
TN00469,ACN0256,2026-09-18,10564.95,USD,Deposit,Online
TN00474,ACN0209,2026-09-18,2701.89,USD,Transfer,Mobile
TN00478,ACN0027,2026-09-18,2282.42,EUR,Deposit,Online
TN00486,ACN0281,2026-09-18,-4977.45,USD,Withdrawal,Online
TN00490,ACN0098,2026-09-18,10279.38,USD,Deposit,Mobile
TN00493,ACN0309,2026-09-18,3216.82,SAR,Transfer,Branch
TN00500,ACN0058,2026-09-18,-27.6,LBP,Fee,Mobile
TN00501,ACN0244,2026-09-18,18195.59,USD,Deposit,Online
TN00509,ACN0004,2026-09-18,843.81,USD,Deposit,Mobile
TN00513,ACN0085,2026-09-18,-6001.16,SAR,Withdrawal,Mobile
TN00516,ACN0268,2026-09-18,11571.13,USD,Transfer,ATM
TN00520,ACN0172,2026-09-18,1555.97,EUR,Deposit,Mobile
TN00523,ACN0079,2026-09-18,-5395.81,SAR,Withdrawal,Online
TN00533,ACN0272,2026-09-18,2082.29,QAR,Transfer,Mobile
TN00536,ACN0197,2026-09-18,19368.97,LBP,Deposit,Mobile
TN00537,ACN0265,2026-09-18,-118.11,USD,Fee,Online
TN00542,ACN0313,2026-09-18,10823.44,USD,Deposit,Branch
TN00544,ACN0091,2026-09-18,4407.36,USD,Transfer,Branch
TN00547,ACN0007,2026-09-18,-2447.85,EUR,Withdrawal,Online
TN00550,ACN0234,2026-09-18,-7922.34,EUR,Withdrawal,ATM
TN00551,ACN0295,2026-09-18,-45.67,SAR,Fee,Mobile
TN00559,ACN0219,2026-09-18,-5348.84,USD,Withdrawal,Mobile
TN00561,ACN0166,2026-09-18,-7588.04,LBP,Withdrawal,Mobile
TN00564,ACN0278,2026-09-18,-4212.1,USD,Withdrawal,Mobile
TN00568,ACN0274,2026-09-18,-1364.9,QAR,Withdrawal,Branch
TN00578,ACN0183,2026-09-18,-7238.79,USD,Withdrawal,Mobile
TN00582,ACN0069,2026-09-18,7493.07,USD,Transfer,Branch
TN00592,ACN0209,2026-09-18,12506.01,USD,Deposit,Mobile
TN00602,ACN0115,2026-09-18,-108.11,QAR,Fee,ATM
TN00606,ACN0063,2026-09-18,761.16,QAR,Deposit,Online
TN00609,ACN0037,2026-09-18,4818.37,USD,Transfer,Mobile
TN00615,ACN0206,2026-09-18,11190.68,USD,Transfer,Branch
TN00620,ACN0277,2026-09-18,2102.93,USD,Transfer,Mobile
TN00622,ACN0299,2026-09-18,-2070.74,QAR,Withdrawal,Mobile
TN00631,ACN0137,2026-09-18,5715.5,EUR,Transfer,Mobile
TN00635,ACN0116,2026-09-18,-5339.74,USD,Withdrawal,Mobile
TN00637,ACN0145,2026-09-18,-773.63,EUR,Withdrawal,Mobile
TN00638,ACN0173,2026-09-18,-4004.7,USD,Withdrawal,Online
TN00657,ACN0027,2026-09-18,6413.87,EUR,Transfer,Mobile
TN00664,ACN0010,2026-09-18,8519.25,QAR,Transfer,ATM
TN00677,ACN0238,2026-09-18,6339.13,QAR,Transfer,Mobile
TN00683,ACN0238,2026-09-18,-4004.67,QAR,Withdrawal,Online
TN00694,ACN0130,2026-09-18,-89.56,USD,Fee,Online
TN00695,ACN0227,2026-09-18,10998.68,LBP,Transfer,Online
TN00697,ACN0267,2026-09-18,18399.0,USD,Deposit,Branch
TN00702,ACN0289,2026-09-18,6265.78,EUR,Deposit,Mobile
TN00705,ACN0201,2026-09-18,-3217.34,LBP,Withdrawal,Mobile
TN00707,ACN0310,2026-09-18,14093.55,LBP,Deposit,Mobile
TN00714,ACN0220,2026-09-18,14293.44,EUR,Deposit,Branch
TN00717,ACN0075,2026-09-18,3313.71,USD,Transfer,Online
TN00733,ACN0246,2026-09-18,7640.08,USD,Transfer,Mobile
TN00740,ACN0018,2026-09-18,18568.49,QAR,Deposit,Mobile
TN00745,ACN0052,2026-09-18,9361.52,USD,Transfer,ATM
TN00747,ACN0223,2026-09-18,12692.89,USD,Transfer,Mobile
TN00752,ACN0128,2026-09-18,-3206.4,LBP,Withdrawal,Mobile
TN00753,ACN0111,2026-09-18,-81.7,EUR,Fee,ATM
TN00767,ACN0224,2026-09-18,8025.48,USD,Deposit,Mobile
TN00771,ACN0009,2026-09-18,11998.52,SAR,Deposit,Online
TN00773,ACN0066,2026-09-18,-1668.6,USD,Withdrawal,Mobile
TN00777,ACN0144,2026-09-18,11901.35,USD,Deposit,Mobile
TN00790,ACN0101,2026-09-18,-7753.77,USD,Withdrawal,Online
TN00809,ACN0056,2026-09-18,11844.97,USD,Deposit,Online
TN00812,ACN0133,2026-09-18,-1816.12,USD,Withdrawal,Online
TN00814,ACN0283,2026-09-18,2868.73,QAR,Deposit,Mobile
TN00824,ACN0009,2026-09-18,7165.2,SAR,Transfer,Online
TN00826,ACN0176,2026-09-18,2486.91,SAR,Deposit,Mobile
TN00835,ACN0052,2026-09-18,5884.64,USD,Deposit,Branch
TN00837,ACN0078,2026-09-18,-1545.95,QAR,Withdrawal,Mobile
TN00843,ACN0129,2026-09-18,-19.87,EUR,Fee,Branch
TN00849,ACN0095,2026-09-18,-118.84,USD,Fee,Mobile
TN00850,ACN0228,2026-09-18,15749.65,USD,Deposit,Mobile
TN00851,ACN0099,2026-09-18,3092.24,USD,Deposit,Online
TN00854,ACN0081,2026-09-18,-1842.19,QAR,Withdrawal,Mobile
TN00857,ACN0152,2026-09-18,8050.4,USD,Transfer,Branch
TN00864,ACN0125,2026-09-18,5939.74,USD,Deposit,Online
TN00865,ACN0233,2026-09-18,-2289.64,QAR,Withdrawal,Mobile
TN00867,ACN0185,2026-09-18,6415.84,USD,Deposit,Mobile
TN00882,ACN0032,2026-09-18,13088.73,USD,Deposit,Mobile
TN00892,ACN0198,2026-09-18,10574.54,USD,Transfer,Mobile
TN00893,ACN0103,2026-09-18,4649.45,USD,Transfer,Online
TN00895,ACN0150,2026-09-18,-4931.87,USD,Withdrawal,ATM
TN00896,ACN0024,2026-09-18,1862.44,USD,Transfer,Online
TN00904,ACN0157,2026-09-18,-313.73,USD,Withdrawal,Mobile
TN00905,ACN0310,2026-09-18,-2331.87,LBP,Withdrawal,ATM
TN00917,ACN0117,2026-09-18,632.6,LBP,Deposit,Mobile
TN00923,ACN0148,2026-09-18,1628.41,USD,Transfer,Branch
TN00925,ACN0120,2026-09-18,9384.07,LBP,Deposit,Mobile
TN00946,ACN0203,2026-09-18,8862.34,USD,Transfer,Mobile
TN00956,ACN0034,2026-09-18,7978.49,QAR,Transfer,ATM
TN00958,ACN0004,2026-09-18,280.65,USD,Transfer,ATM
TN00959,ACN0215,2026-09-18,-1707.1,LBP,Withdrawal,Mobile
TN00969,ACN0167,2026-09-18,9769.61,SAR,Deposit,Mobile
TN00974,ACN0085,2026-09-18,13620.47,SAR,Deposit,Online
TN00978,ACN0222,2026-09-18,-4978.12,EUR,Withdrawal,Online
TN00981,ACN0186,2026-09-18,-1171.87,USD,Withdrawal,Mobile
TN00993,ACN0067,2026-09-18,-4316.92,USD,Withdrawal,ATM
TN00996,ACN0166,2026-09-18,5503.92,LBP,Transfer,Mobile
TN01000,ACN0047,2026-09-18,6648.76,USD,Deposit,Mobile
TN00001,ACN0005,2026-09-19,17138.12,EUR,Deposit,ATM
TN00018,ACN0288,2026-09-19,17335.72,USD,Deposit,Mobile
TN00021,ACN0025,2026-09-19,-7738.76,USD,Withdrawal,Branch
TN00034,ACN0053,2026-09-19,7572.43,LBP,Transfer,Mobile
TN00040,ACN0094,2026-09-19,-4.8,USD,Fee,Mobile
TN00041,ACN0144,2026-09-19,7355.07,USD,Transfer,ATM
TN00042,ACN0294,2026-09-19,11779.12,USD,Deposit,Online
TN00047,ACN0044,2026-09-19,-1329.35,SAR,Withdrawal,Mobile
TN00049,ACN0281,2026-09-19,638.63,USD,Transfer,Branch
TN00053,ACN0281,2026-09-19,3050.83,USD,Deposit,ATM
TN00054,ACN0075,2026-09-19,19864.41,USD,Deposit,Mobile
TN00061,ACN0149,2026-09-19,17064.77,QAR,Deposit,Branch
TN00068,ACN0039,2026-09-19,6577.99,USD,Deposit,Mobile
TN00073,ACN0113,2026-09-19,7630.08,SAR,Deposit,Mobile
TN00077,ACN0224,2026-09-19,5498.96,USD,Deposit,ATM
TN00080,ACN0172,2026-09-19,-3610.89,EUR,Withdrawal,Mobile
TN00086,ACN0277,2026-09-19,1396.7,USD,Transfer,Online
TN00093,ACN0217,2026-09-19,11965.7,USD,Deposit,ATM
TN00098,ACN0177,2026-09-19,2357.18,USD,Deposit,Mobile
TN00099,ACN0230,2026-09-19,19894.33,SAR,Deposit,Branch
TN00101,ACN0208,2026-09-19,17063.91,USD,Deposit,Online
TN00104,ACN0163,2026-09-19,18957.17,USD,Deposit,Mobile
TN00107,ACN0104,2026-09-19,-286.28,USD,Withdrawal,Branch
TN00110,ACN0150,2026-09-19,14082.84,USD,Transfer,Online
TN00118,ACN0018,2026-09-19,-9.95,QAR,Fee,Online
TN00121,ACN0046,2026-09-19,11914.14,LBP,Deposit,Mobile
TN00124,ACN0043,2026-09-19,-2391.24,SAR,Withdrawal,Online
TN00131,ACN0263,2026-09-19,-1275.89,EUR,Withdrawal,Mobile
TN00135,ACN0241,2026-09-19,-610.4,LBP,Withdrawal,Mobile
TN00148,ACN0238,2026-09-19,-3609.05,QAR,Withdrawal,Online
TN00150,ACN0265,2026-09-19,-2416.13,USD,Withdrawal,ATM
TN00164,ACN0184,2026-09-19,10946.52,SAR,Transfer,Online
TN00165,ACN0211,2026-09-19,13296.72,USD,Transfer,Branch
TN00167,ACN0044,2026-09-19,17238.46,SAR,Deposit,ATM
TN00190,ACN0197,2026-09-19,-6664.84,LBP,Withdrawal,Online
TN00196,ACN0296,2026-09-19,18415.81,LBP,Deposit,Mobile
TN00198,ACN0165,2026-09-19,-38.33,EUR,Fee,Mobile
TN00200,ACN0059,2026-09-19,-136.16,LBP,Withdrawal,ATM
TN00201,ACN0199,2026-09-19,12391.49,USD,Deposit,Mobile
TN00203,ACN0143,2026-09-19,6355.24,USD,Transfer,Mobile
TN00207,ACN0255,2026-09-19,5987.95,USD,Deposit,Online
TN00211,ACN0282,2026-09-19,-3532.08,USD,Withdrawal,Mobile
TN00218,ACN0027,2026-09-19,-4459.01,EUR,Withdrawal,ATM
TN00233,ACN0091,2026-09-19,2893.87,USD,Deposit,Mobile
TN00235,ACN0092,2026-09-19,-140.06,USD,Fee,Mobile
TN00242,ACN0055,2026-09-19,800.81,QAR,Transfer,Mobile
TN00256,ACN0310,2026-09-19,-4055.99,LBP,Withdrawal,Mobile
TN00262,ACN0005,2026-09-19,5712.82,EUR,Deposit,ATM
TN00263,ACN0228,2026-09-19,-5076.27,USD,Withdrawal,ATM
TN00265,ACN0028,2026-09-19,15416.59,USD,Deposit,Mobile
TN00274,ACN0098,2026-09-19,-89.3,USD,Fee,ATM
TN00278,ACN0134,2026-09-19,7226.97,USD,Transfer,Mobile
TN00298,ACN0265,2026-09-19,13304.59,USD,Transfer,Online
TN00299,ACN0150,2026-09-19,-7850.07,USD,Withdrawal,Branch
TN00310,ACN0085,2026-09-19,5179.56,SAR,Deposit,Mobile
TN00312,ACN0163,2026-09-19,-2373.62,USD,Withdrawal,Mobile
TN00319,ACN0118,2026-09-19,9587.02,USD,Transfer,Branch
TN00326,ACN0232,2026-09-19,13299.55,SAR,Transfer,Mobile
TN00329,ACN0299,2026-09-19,13180.79,QAR,Transfer,Mobile
TN00357,ACN0167,2026-09-19,16947.62,SAR,Deposit,Mobile
TN00371,ACN0048,2026-09-19,122.39,SAR,Transfer,Branch
TN00392,ACN0188,2026-09-19,12781.19,LBP,Transfer,Branch
TN00394,ACN0172,2026-09-19,2559.75,EUR,Deposit,Branch
TN00398,ACN0297,2026-09-19,-2890.57,USD,Withdrawal,Branch
TN00411,ACN0067,2026-09-19,13327.58,USD,Transfer,ATM
TN00420,ACN0277,2026-09-19,13176.55,USD,Deposit,ATM
TN00434,ACN0075,2026-09-19,7087.94,USD,Deposit,Branch
TN00436,ACN0173,2026-09-19,11163.01,USD,Transfer,Mobile
TN00439,ACN0267,2026-09-19,3886.9,USD,Transfer,Mobile
TN00450,ACN0080,2026-09-19,9824.27,USD,Deposit,Mobile
TN00451,ACN0150,2026-09-19,-48.92,USD,Fee,ATM
TN00460,ACN0251,2026-09-19,-594.85,USD,Withdrawal,Mobile
TN00472,ACN0108,2026-09-19,13098.87,USD,Transfer,Online
TN00473,ACN0028,2026-09-19,13738.01,USD,Transfer,Online
TN00477,ACN0146,2026-09-19,-7778.41,EUR,Withdrawal,Mobile
TN00492,ACN0266,2026-09-19,-74.57,LBP,Fee,Mobile
TN00495,ACN0052,2026-09-19,13747.75,USD,Transfer,Mobile
TN00499,ACN0130,2026-09-19,-5371.24,USD,Withdrawal,Mobile
TN00502,ACN0044,2026-09-19,-2459.39,SAR,Withdrawal,Online
TN00506,ACN0294,2026-09-19,12638.35,USD,Deposit,Mobile
TN00512,ACN0024,2026-09-19,-4450.02,USD,Withdrawal,Branch
TN00517,ACN0197,2026-09-19,14669.78,LBP,Deposit,ATM
TN00518,ACN0205,2026-09-19,-3715.64,LBP,Withdrawal,ATM
TN00524,ACN0087,2026-09-19,-129.75,EUR,Fee,Online
TN00527,ACN0240,2026-09-19,-1064.81,LBP,Withdrawal,Mobile
TN00535,ACN0193,2026-09-19,-6889.24,USD,Withdrawal,Mobile
TN00552,ACN0052,2026-09-19,18192.43,USD,Deposit,Mobile
TN00555,ACN0112,2026-09-19,10719.93,LBP,Transfer,Mobile
TN00556,ACN0179,2026-09-19,11210.68,USD,Transfer,Mobile
TN00567,ACN0064,2026-09-19,-101.61,USD,Fee,Mobile
TN00570,ACN0022,2026-09-19,13099.62,EUR,Deposit,Online
TN00571,ACN0227,2026-09-19,13491.32,LBP,Transfer,Mobile
TN00573,ACN0219,2026-09-19,5122.1,USD,Deposit,ATM
TN00576,ACN0067,2026-09-19,-7057.85,USD,Withdrawal,Online
TN00581,ACN0146,2026-09-19,-2816.57,EUR,Withdrawal,Online
TN00583,ACN0075,2026-09-19,12302.43,USD,Transfer,Mobile
TN00587,ACN0095,2026-09-19,-4642.04,USD,Withdrawal,Mobile
TN00628,ACN0028,2026-09-19,-4267.96,USD,Withdrawal,Branch
TN00641,ACN0085,2026-09-19,13497.36,SAR,Deposit,Mobile
TN00648,ACN0079,2026-09-19,3712.18,SAR,Transfer,Mobile
TN00654,ACN0067,2026-09-19,-510.86,USD,Withdrawal,Online
TN00659,ACN0256,2026-09-19,-93.36,USD,Fee,ATM
TN00670,ACN0203,2026-09-19,15895.24,USD,Deposit,ATM
TN00682,ACN0127,2026-09-19,4569.37,USD,Transfer,Mobile
TN00686,ACN0212,2026-09-19,-1755.36,LBP,Withdrawal,ATM
TN00688,ACN0142,2026-09-19,13316.32,EUR,Deposit,Mobile
TN00696,ACN0285,2026-09-19,9229.03,QAR,Transfer,Mobile
TN00699,ACN0060,2026-09-19,12170.62,EUR,Deposit,Mobile
TN00709,ACN0225,2026-09-19,10270.29,LBP,Deposit,Online
TN00715,ACN0170,2026-09-19,-309.1,USD,Withdrawal,Branch
TN00718,ACN0069,2026-09-19,18025.43,USD,Deposit,ATM
TN00720,ACN0310,2026-09-19,-1461.45,LBP,Withdrawal,ATM
TN00725,ACN0067,2026-09-19,12443.23,USD,Transfer,ATM
TN00731,ACN0175,2026-09-19,15917.6,USD,Deposit,Online
TN00742,ACN0114,2026-09-19,-1674.25,USD,Withdrawal,Mobile
TN00749,ACN0039,2026-09-19,3318.43,USD,Transfer,Online
TN00750,ACN0109,2026-09-19,9436.43,LBP,Deposit,ATM
TN00757,ACN0251,2026-09-19,741.67,USD,Transfer,Mobile
TN00758,ACN0147,2026-09-19,14957.3,USD,Transfer,ATM
TN00783,ACN0182,2026-09-19,5859.16,USD,Deposit,ATM
TN00786,ACN0043,2026-09-19,-7421.35,SAR,Withdrawal,Branch
TN00800,ACN0143,2026-09-19,1912.59,USD,Transfer,Mobile
TN00804,ACN0172,2026-09-19,17829.3,EUR,Deposit,ATM
TN00823,ACN0152,2026-09-19,-3849.18,USD,Withdrawal,ATM
TN00827,ACN0278,2026-09-19,-6967.63,USD,Withdrawal,ATM
TN00838,ACN0219,2026-09-19,13736.88,USD,Deposit,Online
TN00842,ACN0270,2026-09-19,-4208.47,USD,Withdrawal,ATM
TN00860,ACN0017,2026-09-19,2321.59,LBP,Deposit,Mobile
TN00861,ACN0282,2026-09-19,9179.53,USD,Deposit,Mobile
TN00870,ACN0247,2026-09-19,13644.24,EUR,Deposit,Online
TN00912,ACN0103,2026-09-19,-134.12,USD,Fee,Mobile
TN00914,ACN0133,2026-09-19,16401.74,USD,Deposit,Mobile
TN00924,ACN0251,2026-09-19,3267.71,USD,Transfer,Mobile
TN00926,ACN0132,2026-09-19,-7532.11,LBP,Withdrawal,Online
TN00928,ACN0161,2026-09-19,17654.82,QAR,Deposit,Branch
TN00930,ACN0097,2026-09-19,-4212.78,QAR,Withdrawal,Online
TN00931,ACN0273,2026-09-19,1751.42,USD,Deposit,Online
TN00932,ACN0259,2026-09-19,14251.05,LBP,Transfer,ATM
TN00941,ACN0200,2026-09-19,-1760.16,USD,Withdrawal,ATM
TN00944,ACN0290,2026-09-19,-1234.26,USD,Withdrawal,Online
TN00948,ACN0048,2026-09-19,17974.61,SAR,Deposit,Mobile
TN00953,ACN0210,2026-09-19,-5993.94,SAR,Withdrawal,ATM
TN00963,ACN0222,2026-09-19,11069.68,EUR,Deposit,Online
TN00966,ACN0131,2026-09-19,-4935.36,USD,Withdrawal,Mobile
TN00015,ACN0227,2026-09-20,5098.03,LBP,Transfer,ATM
TN00027,ACN0294,2026-09-20,-139.66,USD,Fee,Online
TN00036,ACN0036,2026-09-20,-61.68,SAR,Fee,Mobile
TN00038,ACN0003,2026-09-20,4748.79,USD,Transfer,ATM
TN00058,ACN0220,2026-09-20,-103.95,EUR,Fee,ATM
TN00059,ACN0061,2026-09-20,1221.62,USD,Deposit,ATM
TN00062,ACN0194,2026-09-20,18015.99,LBP,Deposit,Mobile
TN00069,ACN0162,2026-09-20,7271.43,USD,Deposit,Mobile
TN00075,ACN0161,2026-09-20,11012.18,QAR,Transfer,ATM
TN00081,ACN0187,2026-09-20,4016.2,USD,Transfer,ATM
TN00082,ACN0261,2026-09-20,10786.98,USD,Deposit,ATM
TN00084,ACN0081,2026-09-20,-2787.99,QAR,Withdrawal,ATM
TN00087,ACN0104,2026-09-20,-2270.96,USD,Withdrawal,Online
TN00090,ACN0202,2026-09-20,18546.52,SAR,Deposit,Mobile
TN00102,ACN0004,2026-09-20,2521.86,USD,Transfer,Branch
TN00106,ACN0174,2026-09-20,-4891.13,USD,Withdrawal,Mobile
TN00122,ACN0113,2026-09-20,-3746.08,SAR,Withdrawal,Mobile
TN00132,ACN0172,2026-09-20,13687.88,EUR,Transfer,Mobile
TN00137,ACN0075,2026-09-20,13407.18,USD,Deposit,Branch
TN00147,ACN0121,2026-09-20,-2075.89,QAR,Withdrawal,ATM
TN00149,ACN0280,2026-09-20,7119.06,LBP,Deposit,Branch
TN00151,ACN0078,2026-09-20,13378.27,QAR,Transfer,ATM
TN00157,ACN0301,2026-09-20,18529.04,EUR,Deposit,ATM
TN00179,ACN0081,2026-09-20,14924.94,QAR,Deposit,Mobile
TN00193,ACN0087,2026-09-20,-4746.73,EUR,Withdrawal,ATM
TN00214,ACN0310,2026-09-20,4541.12,LBP,Transfer,Mobile
TN00215,ACN0196,2026-09-20,-2490.42,QAR,Withdrawal,Mobile
TN00216,ACN0253,2026-09-20,7872.19,USD,Deposit,Branch
TN00219,ACN0109,2026-09-20,-31.92,LBP,Fee,Mobile
TN00230,ACN0285,2026-09-20,7884.06,QAR,Deposit,Branch
TN00243,ACN0169,2026-09-20,11702.62,USD,Deposit,ATM
TN00272,ACN0203,2026-09-20,16929.83,USD,Deposit,Online
TN00276,ACN0244,2026-09-20,-5000.79,USD,Withdrawal,ATM
TN00285,ACN0210,2026-09-20,5275.58,SAR,Transfer,Mobile
TN00289,ACN0272,2026-09-20,-1649.08,QAR,Withdrawal,Online
TN00295,ACN0196,2026-09-20,17529.33,QAR,Deposit,Mobile
TN00300,ACN0229,2026-09-20,-7200.37,SAR,Withdrawal,ATM
TN00311,ACN0184,2026-09-20,-2138.76,SAR,Withdrawal,Mobile
TN00314,ACN0073,2026-09-20,10596.12,SAR,Transfer,Mobile
TN00324,ACN0106,2026-09-20,6783.2,USD,Transfer,Online
TN00333,ACN0241,2026-09-20,-300.49,LBP,Withdrawal,Online
TN00335,ACN0035,2026-09-20,5606.05,QAR,Transfer,Mobile
TN00338,ACN0058,2026-09-20,18953.8,LBP,Deposit,ATM
TN00343,ACN0092,2026-09-20,-59.66,USD,Fee,Online
TN00344,ACN0280,2026-09-20,4773.56,LBP,Deposit,Mobile
TN00346,ACN0056,2026-09-20,915.11,USD,Deposit,Mobile
TN00351,ACN0150,2026-09-20,-3270.34,USD,Withdrawal,Mobile
TN00354,ACN0100,2026-09-20,8424.21,USD,Deposit,Mobile
TN00355,ACN0055,2026-09-20,5742.12,QAR,Transfer,Mobile
TN00372,ACN0154,2026-09-20,3291.63,QAR,Transfer,Online
TN00373,ACN0148,2026-09-20,-214.56,USD,Withdrawal,Online
TN00381,ACN0310,2026-09-20,-1276.91,LBP,Withdrawal,Online
TN00390,ACN0059,2026-09-20,848.62,LBP,Deposit,ATM
TN00395,ACN0267,2026-09-20,-5410.72,USD,Withdrawal,Online
TN00399,ACN0154,2026-09-20,1739.77,QAR,Transfer,Mobile
TN00408,ACN0191,2026-09-20,-22.13,USD,Fee,Online
TN00410,ACN0204,2026-09-20,6836.75,USD,Transfer,Online
TN00413,ACN0293,2026-09-20,-71.6,SAR,Fee,ATM
TN00425,ACN0284,2026-09-20,-6224.75,USD,Withdrawal,Branch
TN00435,ACN0212,2026-09-20,-988.01,LBP,Withdrawal,ATM
TN00438,ACN0168,2026-09-20,13669.41,USD,Transfer,ATM
TN00440,ACN0269,2026-09-20,-1371.58,LBP,Withdrawal,Online
TN00447,ACN0018,2026-09-20,14256.84,QAR,Transfer,Mobile
TN00448,ACN0053,2026-09-20,-7617.69,LBP,Withdrawal,Online
TN00458,ACN0295,2026-09-20,8379.54,SAR,Transfer,Mobile
TN00463,ACN0223,2026-09-20,5152.48,USD,Transfer,Online
TN00467,ACN0162,2026-09-20,2791.71,USD,Deposit,ATM
TN00471,ACN0298,2026-09-20,5422.35,USD,Deposit,Mobile
TN00475,ACN0301,2026-09-20,-4360.57,EUR,Withdrawal,ATM
TN00476,ACN0290,2026-09-20,-5561.52,USD,Withdrawal,ATM
TN00479,ACN0057,2026-09-20,-67.84,QAR,Fee,ATM
TN00484,ACN0163,2026-09-20,18225.41,USD,Deposit,Mobile
TN00489,ACN0034,2026-09-20,586.48,QAR,Deposit,Online
TN00494,ACN0060,2026-09-20,-5024.69,EUR,Withdrawal,Mobile
TN00497,ACN0197,2026-09-20,-69.85,LBP,Fee,Branch
TN00519,ACN0060,2026-09-20,9632.56,EUR,Deposit,Mobile
TN00534,ACN0281,2026-09-20,-86.07,USD,Fee,Online
TN00538,ACN0064,2026-09-20,7442.19,USD,Deposit,Online
TN00539,ACN0252,2026-09-20,-55.48,QAR,Fee,Mobile
TN00543,ACN0108,2026-09-20,6048.35,USD,Transfer,Online
TN00563,ACN0053,2026-09-20,12207.46,LBP,Transfer,Online
TN00565,ACN0260,2026-09-20,-75.91,QAR,Fee,Online
TN00566,ACN0103,2026-09-20,8875.01,USD,Transfer,ATM
TN00569,ACN0130,2026-09-20,4940.18,USD,Transfer,Online
TN00575,ACN0074,2026-09-20,13066.45,LBP,Deposit,Online
TN00589,ACN0291,2026-09-20,2233.83,LBP,Transfer,Mobile
TN00590,ACN0038,2026-09-20,-5637.81,USD,Withdrawal,Mobile
TN00596,ACN0022,2026-09-20,8721.78,EUR,Deposit,Online
TN00597,ACN0144,2026-09-20,-6210.53,USD,Withdrawal,Mobile
TN00598,ACN0307,2026-09-20,-514.29,QAR,Withdrawal,Mobile
TN00604,ACN0101,2026-09-20,-7845.02,USD,Withdrawal,Mobile
TN00605,ACN0043,2026-09-20,-148.62,SAR,Fee,Mobile
TN00607,ACN0178,2026-09-20,9607.69,USD,Transfer,ATM
TN00611,ACN0199,2026-09-20,393.14,USD,Transfer,Online
TN00612,ACN0214,2026-09-20,-109.27,LBP,Fee,Mobile
TN00613,ACN0135,2026-09-20,-4521.51,USD,Withdrawal,Online
TN00625,ACN0109,2026-09-20,6620.64,LBP,Transfer,Online
TN00652,ACN0257,2026-09-20,1828.51,QAR,Transfer,Branch
TN00660,ACN0017,2026-09-20,4423.98,LBP,Transfer,Branch
TN00666,ACN0243,2026-09-20,-28.58,LBP,Fee,Mobile
TN00667,ACN0119,2026-09-20,19341.06,USD,Deposit,Mobile
TN00669,ACN0130,2026-09-20,5867.42,USD,Transfer,ATM
TN00674,ACN0195,2026-09-20,471.15,USD,Transfer,Online
TN00679,ACN0148,2026-09-20,6084.78,USD,Transfer,Online
TN00693,ACN0279,2026-09-20,11370.65,USD,Transfer,ATM
TN00711,ACN0054,2026-09-20,-1039.58,LBP,Withdrawal,ATM
TN00741,ACN0003,2026-09-20,4381.62,USD,Deposit,Mobile
TN00761,ACN0251,2026-09-20,-62.45,USD,Fee,Mobile
TN00763,ACN0220,2026-09-20,2804.19,EUR,Deposit,Mobile
TN00764,ACN0129,2026-09-20,-20.81,EUR,Fee,Mobile
TN00768,ACN0167,2026-09-20,-2104.47,SAR,Withdrawal,Branch
TN00769,ACN0062,2026-09-20,19173.92,USD,Deposit,Mobile
TN00774,ACN0025,2026-09-20,-7621.19,USD,Withdrawal,Branch
TN00775,ACN0148,2026-09-20,3784.61,USD,Transfer,Online
TN00781,ACN0165,2026-09-20,12765.12,EUR,Deposit,Mobile
TN00784,ACN0259,2026-09-20,2643.14,LBP,Deposit,Mobile
TN00789,ACN0102,2026-09-20,-5366.38,LBP,Withdrawal,Mobile
TN00791,ACN0172,2026-09-20,-5862.05,EUR,Withdrawal,Online
TN00793,ACN0166,2026-09-20,-1656.15,LBP,Withdrawal,ATM
TN00796,ACN0156,2026-09-20,2665.98,USD,Deposit,ATM
TN00798,ACN0254,2026-09-20,12633.96,LBP,Deposit,Mobile
TN00806,ACN0134,2026-09-20,6233.54,USD,Deposit,Branch
TN00813,ACN0206,2026-09-20,6220.89,USD,Transfer,Online
TN00819,ACN0250,2026-09-20,11313.99,EUR,Deposit,Mobile
TN00825,ACN0139,2026-09-20,12762.2,LBP,Transfer,Online
TN00830,ACN0176,2026-09-20,-7795.05,SAR,Withdrawal,Branch
TN00832,ACN0106,2026-09-20,-906.71,USD,Withdrawal,Mobile
TN00833,ACN0197,2026-09-20,-90.36,LBP,Fee,Mobile
TN00834,ACN0140,2026-09-20,-2.12,USD,Fee,Branch
TN00847,ACN0058,2026-09-20,15844.44,LBP,Deposit,Branch
TN00855,ACN0206,2026-09-20,-1217.97,USD,Withdrawal,Mobile
TN00869,ACN0146,2026-09-20,-2824.75,EUR,Withdrawal,Mobile
TN00873,ACN0008,2026-09-20,12045.71,QAR,Deposit,ATM
TN00874,ACN0251,2026-09-20,-1308.64,USD,Withdrawal,Online
TN00878,ACN0226,2026-09-20,-7365.63,USD,Withdrawal,ATM
TN00883,ACN0274,2026-09-20,-1376.02,QAR,Withdrawal,Mobile
TN00888,ACN0186,2026-09-20,6377.17,USD,Deposit,Mobile
TN00910,ACN0025,2026-09-20,17826.0,USD,Deposit,Mobile
TN00913,ACN0105,2026-09-20,-5640.93,LBP,Withdrawal,Mobile
TN00933,ACN0233,2026-09-20,-7813.2,QAR,Withdrawal,Mobile
TN00937,ACN0255,2026-09-20,10245.54,USD,Deposit,Mobile
TN00942,ACN0079,2026-09-20,6466.26,SAR,Deposit,ATM
TN00952,ACN0302,2026-09-20,-2149.39,QAR,Withdrawal,Online
TN00960,ACN0282,2026-09-20,10632.61,USD,Transfer,Mobile
TN00961,ACN0297,2026-09-20,-1358.73,USD,Withdrawal,Mobile
TN00967,ACN0051,2026-09-20,17640.23,USD,Deposit,Branch
TN00971,ACN0150,2026-09-20,475.13,USD,Deposit,ATM
TN00972,ACN0102,2026-09-20,-1416.15,LBP,Withdrawal,Branch
TN00975,ACN0063,2026-09-20,-3661.77,QAR,Withdrawal,Mobile
TN00979,ACN0193,2026-09-20,-1077.86,USD,Withdrawal,Mobile
TN00980,ACN0108,2026-09-20,364.05,USD,Deposit,Online
TN00989,ACN0077,2026-09-20,4740.68,EUR,Deposit,ATM
TN00991,ACN0035,2026-09-20,-148.08,QAR,Fee,Online
TN00997,ACN0107,2026-09-20,7925.28,USD,Transfer,Online
TN00999,ACN0060,2026-09-20,-7596.4,EUR,Withdrawal,Mobile
TN00007,ACN0249,2026-09-21,-1868.43,USD,Withdrawal,ATM
TN00017,ACN0237,2026-09-21,2005.4,USD,Transfer,ATM
TN00028,ACN0112,2026-09-21,19399.19,LBP,Deposit,Online
TN00033,ACN0082,2026-09-21,9243.17,LBP,Deposit,Mobile
TN00046,ACN0105,2026-09-21,-142.99,LBP,Fee,Branch
TN00050,ACN0105,2026-09-21,-1249.01,LBP,Withdrawal,ATM
TN00056,ACN0175,2026-09-21,-3002.77,USD,Withdrawal,ATM
TN00072,ACN0150,2026-09-21,186.22,USD,Transfer,ATM
TN00094,ACN0212,2026-09-21,10816.84,LBP,Deposit,Online
TN00100,ACN0280,2026-09-21,11170.44,LBP,Transfer,Online
TN00103,ACN0046,2026-09-21,6475.72,LBP,Deposit,Mobile
TN00111,ACN0213,2026-09-21,3371.62,USD,Deposit,Online
TN00128,ACN0238,2026-09-21,-430.98,QAR,Withdrawal,Mobile
TN00129,ACN0058,2026-09-21,10219.27,LBP,Transfer,Branch
TN00138,ACN0132,2026-09-21,-4591.26,LBP,Withdrawal,Mobile
TN00140,ACN0005,2026-09-21,-7370.4,EUR,Withdrawal,ATM
TN00145,ACN0301,2026-09-21,-1877.01,EUR,Withdrawal,ATM
TN00161,ACN0286,2026-09-21,-2.54,USD,Fee,Mobile
TN00166,ACN0234,2026-09-21,-7407.26,EUR,Withdrawal,Mobile
TN00169,ACN0118,2026-09-21,-71.41,USD,Fee,ATM
TN00176,ACN0148,2026-09-21,13521.86,USD,Deposit,ATM
TN00182,ACN0144,2026-09-21,-76.6,USD,Fee,Mobile
TN00185,ACN0304,2026-09-21,3629.56,LBP,Deposit,Mobile
TN00194,ACN0263,2026-09-21,5329.65,EUR,Deposit,Mobile
TN00208,ACN0046,2026-09-21,8918.25,LBP,Transfer,Branch
TN00217,ACN0062,2026-09-21,-7844.63,USD,Withdrawal,Branch
TN00224,ACN0050,2026-09-21,-1855.6,USD,Withdrawal,Branch
TN00226,ACN0186,2026-09-21,9626.37,USD,Deposit,Online
TN00227,ACN0170,2026-09-21,3888.53,USD,Deposit,Mobile
TN00228,ACN0141,2026-09-21,3723.99,USD,Deposit,Online
TN00237,ACN0281,2026-09-21,9135.77,USD,Deposit,Branch
TN00248,ACN0305,2026-09-21,-2922.14,USD,Withdrawal,Branch
TN00249,ACN0031,2026-09-21,8670.15,USD,Transfer,ATM
TN00258,ACN0272,2026-09-21,2116.16,QAR,Deposit,ATM
TN00260,ACN0208,2026-09-21,-7095.22,USD,Withdrawal,Branch
TN00261,ACN0146,2026-09-21,-2650.84,EUR,Withdrawal,Online
TN00267,ACN0227,2026-09-21,6313.84,LBP,Deposit,Mobile
TN00283,ACN0042,2026-09-21,-132.62,USD,Fee,Online
TN00294,ACN0220,2026-09-21,-2898.5,EUR,Withdrawal,Branch
TN00307,ACN0254,2026-09-21,16027.95,LBP,Deposit,Mobile
TN00320,ACN0259,2026-09-21,-6091.66,LBP,Withdrawal,Online
TN00321,ACN0081,2026-09-21,-6.72,QAR,Fee,Mobile
TN00345,ACN0010,2026-09-21,12631.8,QAR,Deposit,Online
TN00349,ACN0267,2026-09-21,5228.15,USD,Deposit,Mobile
TN00356,ACN0169,2026-09-21,3346.8,USD,Deposit,Mobile
TN00360,ACN0107,2026-09-21,10880.55,USD,Transfer,Mobile
TN00364,ACN0294,2026-09-21,7522.8,USD,Transfer,Online
TN00365,ACN0291,2026-09-21,-32.64,LBP,Fee,Mobile
TN00380,ACN0283,2026-09-21,12100.13,QAR,Transfer,Mobile
TN00383,ACN0275,2026-09-21,-2404.36,LBP,Withdrawal,Mobile
TN00387,ACN0216,2026-09-21,-2795.12,USD,Withdrawal,ATM
TN00389,ACN0163,2026-09-21,-114.8,USD,Fee,ATM
TN00412,ACN0113,2026-09-21,-2983.21,SAR,Withdrawal,Mobile
TN00414,ACN0218,2026-09-21,14631.3,USD,Deposit,Branch
TN00424,ACN0242,2026-09-21,-7494.03,USD,Withdrawal,Mobile
TN00427,ACN0303,2026-09-21,-127.84,USD,Fee,Online
TN00432,ACN0111,2026-09-21,-2257.05,EUR,Withdrawal,ATM
TN00441,ACN0177,2026-09-21,18545.21,USD,Deposit,ATM
TN00442,ACN0288,2026-09-21,-4734.07,USD,Withdrawal,Mobile
TN00444,ACN0026,2026-09-21,-4721.05,EUR,Withdrawal,Mobile
TN00454,ACN0035,2026-09-21,14152.42,QAR,Deposit,Mobile
TN00459,ACN0253,2026-09-21,-1757.91,USD,Withdrawal,Mobile
TN00465,ACN0005,2026-09-21,-3427.31,EUR,Withdrawal,Mobile
TN00466,ACN0170,2026-09-21,13646.14,USD,Deposit,Online
TN00481,ACN0179,2026-09-21,12322.51,USD,Deposit,Online
TN00482,ACN0237,2026-09-21,4554.16,USD,Transfer,ATM
TN00491,ACN0132,2026-09-21,11785.48,LBP,Deposit,Online
TN00503,ACN0256,2026-09-21,7294.5,USD,Transfer,Mobile
TN00510,ACN0100,2026-09-21,-3961.8,USD,Withdrawal,Mobile
TN00515,ACN0309,2026-09-21,9458.75,SAR,Transfer,Online
TN00521,ACN0095,2026-09-21,7965.89,USD,Deposit,Branch
TN00522,ACN0036,2026-09-21,15993.33,SAR,Deposit,Mobile
TN00530,ACN0226,2026-09-21,-123.69,USD,Fee,Mobile
TN00548,ACN0141,2026-09-21,11326.4,USD,Transfer,Branch
TN00549,ACN0288,2026-09-21,12546.65,USD,Deposit,Online
TN00553,ACN0167,2026-09-21,5049.52,SAR,Deposit,Online
TN00562,ACN0307,2026-09-21,-6521.62,QAR,Withdrawal,Mobile
TN00572,ACN0212,2026-09-21,4486.04,LBP,Deposit,Mobile
TN00594,ACN0126,2026-09-21,-104.99,USD,Fee,ATM
TN00599,ACN0081,2026-09-21,-1652.24,QAR,Withdrawal,Mobile
TN00600,ACN0199,2026-09-21,3194.31,USD,Transfer,ATM
TN00618,ACN0114,2026-09-21,1329.37,USD,Deposit,Branch
TN00621,ACN0275,2026-09-21,17405.36,LBP,Deposit,Online
TN00634,ACN0063,2026-09-21,-61.92,QAR,Fee,ATM
TN00647,ACN0094,2026-09-21,6953.61,USD,Deposit,Mobile
TN00649,ACN0218,2026-09-21,17200.02,USD,Deposit,Online
TN00650,ACN0057,2026-09-21,-75.79,QAR,Fee,Online
TN00663,ACN0043,2026-09-21,-6555.98,SAR,Withdrawal,Online
TN00671,ACN0310,2026-09-21,-3724.57,LBP,Withdrawal,Mobile
TN00676,ACN0114,2026-09-21,-5754.85,USD,Withdrawal,Mobile
TN00678,ACN0225,2026-09-21,12719.85,LBP,Deposit,Online
TN00680,ACN0081,2026-09-21,15185.38,QAR,Deposit,ATM
TN00684,ACN0307,2026-09-21,11843.58,QAR,Transfer,Branch
TN00689,ACN0043,2026-09-21,7672.86,SAR,Deposit,Online
TN00691,ACN0217,2026-09-21,-7730.83,USD,Withdrawal,Branch
TN00700,ACN0274,2026-09-21,17246.45,QAR,Deposit,Branch
TN00703,ACN0106,2026-09-21,-127.9,USD,Fee,ATM
TN00708,ACN0077,2026-09-21,9846.26,EUR,Deposit,ATM
TN00712,ACN0012,2026-09-21,-4443.91,LBP,Withdrawal,ATM
TN00727,ACN0160,2026-09-21,5731.37,SAR,Deposit,Online
TN00729,ACN0311,2026-09-21,18220.94,LBP,Deposit,Online
TN00732,ACN0268,2026-09-21,-2292.86,USD,Withdrawal,Branch
TN00734,ACN0307,2026-09-21,13894.04,QAR,Transfer,Mobile
TN00735,ACN0077,2026-09-21,14809.76,EUR,Transfer,ATM
TN00743,ACN0263,2026-09-21,-4352.21,EUR,Withdrawal,Mobile
TN00748,ACN0143,2026-09-21,-20.74,USD,Fee,Mobile
TN00751,ACN0306,2026-09-21,17253.19,EUR,Deposit,ATM
TN00754,ACN0092,2026-09-21,9942.92,USD,Transfer,Online
TN00756,ACN0289,2026-09-21,2340.99,EUR,Transfer,Mobile
TN00765,ACN0062,2026-09-21,-2421.49,USD,Withdrawal,Online
TN00770,ACN0132,2026-09-21,14786.46,LBP,Deposit,Online
TN00782,ACN0065,2026-09-21,3531.87,USD,Deposit,Mobile
TN00785,ACN0057,2026-09-21,3510.33,QAR,Deposit,Mobile
TN00787,ACN0154,2026-09-21,-4958.51,QAR,Withdrawal,Branch
TN00794,ACN0036,2026-09-21,15330.85,SAR,Deposit,Online
TN00799,ACN0068,2026-09-21,9019.12,USD,Deposit,Mobile
TN00801,ACN0221,2026-09-21,-2215.0,USD,Withdrawal,ATM
TN00803,ACN0206,2026-09-21,13355.24,USD,Transfer,Online
TN00807,ACN0258,2026-09-21,5900.65,USD,Deposit,ATM
TN00808,ACN0094,2026-09-21,16174.09,USD,Deposit,Mobile
TN00811,ACN0305,2026-09-21,-22.08,USD,Fee,Mobile
TN00815,ACN0020,2026-09-21,-6846.31,USD,Withdrawal,Online
TN00817,ACN0270,2026-09-21,14641.8,USD,Deposit,Online
TN00829,ACN0151,2026-09-21,-96.34,EUR,Fee,Online
TN00841,ACN0121,2026-09-21,10136.95,QAR,Transfer,ATM
TN00848,ACN0141,2026-09-21,13762.52,USD,Deposit,Branch
TN00868,ACN0202,2026-09-21,15608.16,SAR,Deposit,Mobile
TN00871,ACN0011,2026-09-21,2748.24,USD,Transfer,Online
TN00872,ACN0283,2026-09-21,-4529.81,QAR,Withdrawal,ATM
TN00880,ACN0176,2026-09-21,-2514.26,SAR,Withdrawal,Mobile
TN00887,ACN0214,2026-09-21,19024.56,LBP,Deposit,Online
TN00891,ACN0288,2026-09-21,2664.55,USD,Deposit,Mobile
TN00903,ACN0028,2026-09-21,-4494.12,USD,Withdrawal,Branch
TN00907,ACN0147,2026-09-21,-50.91,USD,Fee,Branch
TN00911,ACN0197,2026-09-21,16080.95,LBP,Deposit,Branch
TN00920,ACN0159,2026-09-21,9983.26,SAR,Transfer,Branch
TN00939,ACN0246,2026-09-21,14160.78,USD,Transfer,Online
TN00947,ACN0120,2026-09-21,14048.77,LBP,Deposit,Mobile
TN00964,ACN0133,2026-09-21,-1125.89,USD,Withdrawal,Mobile
TN00976,ACN0157,2026-09-21,-7181.64,USD,Withdrawal,ATM
TN00987,ACN0137,2026-09-21,1916.3,EUR,Transfer,ATM
TN00008,ACN0289,2026-09-22,6292.0,EUR,Transfer,Mobile
TN00023,ACN0183,2026-09-22,-1134.16,USD,Withdrawal,Online
TN00025,ACN0121,2026-09-22,-43.69,QAR,Fee,Mobile
TN00032,ACN0280,2026-09-22,11691.09,LBP,Transfer,Branch
TN00035,ACN0076,2026-09-22,9113.71,USD,Deposit,ATM
TN00039,ACN0144,2026-09-22,-38.38,USD,Fee,ATM
TN00043,ACN0058,2026-09-22,-7828.21,LBP,Withdrawal,Mobile
TN00044,ACN0303,2026-09-22,-2730.83,USD,Withdrawal,ATM
TN00052,ACN0232,2026-09-22,5695.6,SAR,Deposit,Mobile
TN00063,ACN0110,2026-09-22,-54.74,SAR,Fee,Online
TN00064,ACN0206,2026-09-22,7068.93,USD,Transfer,ATM
TN00070,ACN0068,2026-09-22,-136.92,USD,Fee,Mobile
TN00076,ACN0256,2026-09-22,3667.54,USD,Deposit,Mobile
TN00078,ACN0221,2026-09-22,-706.49,USD,Withdrawal,Mobile
TN00085,ACN0110,2026-09-22,-2263.75,SAR,Withdrawal,ATM
TN00088,ACN0129,2026-09-22,12938.27,EUR,Deposit,Mobile
TN00092,ACN0259,2026-09-22,9905.58,LBP,Deposit,ATM
TN00105,ACN0195,2026-09-22,-7656.2,USD,Withdrawal,Mobile
TN00109,ACN0283,2026-09-22,19557.91,QAR,Deposit,Online
TN00116,ACN0285,2026-09-22,5656.62,QAR,Transfer,Mobile
TN00117,ACN0184,2026-09-22,12727.84,SAR,Transfer,Mobile
TN00130,ACN0229,2026-09-22,8776.57,SAR,Transfer,Online
TN00134,ACN0037,2026-09-22,14821.26,USD,Deposit,ATM
TN00139,ACN0115,2026-09-22,-3098.54,QAR,Withdrawal,Mobile
TN00141,ACN0041,2026-09-22,-7231.81,SAR,Withdrawal,ATM
TN00143,ACN0288,2026-09-22,18730.32,USD,Deposit,Online
TN00154,ACN0142,2026-09-22,-18.38,EUR,Fee,ATM
TN00159,ACN0161,2026-09-22,17678.72,QAR,Deposit,Branch
TN00175,ACN0045,2026-09-22,10549.63,LBP,Deposit,Mobile
TN00180,ACN0292,2026-09-22,13414.89,USD,Deposit,Branch
TN00187,ACN0174,2026-09-22,-6908.25,USD,Withdrawal,Online
TN00192,ACN0309,2026-09-22,18632.76,SAR,Deposit,Mobile
TN00199,ACN0292,2026-09-22,-3038.45,USD,Withdrawal,ATM
TN00202,ACN0005,2026-09-22,5872.37,EUR,Transfer,Mobile
TN00206,ACN0060,2026-09-22,-4146.67,EUR,Withdrawal,ATM
TN00212,ACN0122,2026-09-22,15771.84,USD,Deposit,Online
TN00213,ACN0279,2026-09-22,-1654.05,USD,Withdrawal,Online
TN00236,ACN0014,2026-09-22,18070.11,USD,Deposit,Mobile
TN00245,ACN0123,2026-09-22,2019.25,USD,Deposit,Mobile
TN00251,ACN0297,2026-09-22,10090.22,USD,Transfer,Online
TN00254,ACN0068,2026-09-22,-5176.43,USD,Withdrawal,Mobile
TN00266,ACN0274,2026-09-22,-142.83,QAR,Fee,Mobile
TN00281,ACN0254,2026-09-22,-2007.2,LBP,Withdrawal,Mobile
TN00282,ACN0125,2026-09-22,-737.71,USD,Withdrawal,Branch
TN00290,ACN0035,2026-09-22,-1530.88,QAR,Withdrawal,Mobile
TN00291,ACN0193,2026-09-22,1199.81,USD,Transfer,ATM
TN00293,ACN0113,2026-09-22,3719.97,SAR,Deposit,Online
TN00296,ACN0015,2026-09-22,-7804.18,LBP,Withdrawal,Online
TN00303,ACN0020,2026-09-22,12113.01,USD,Transfer,Mobile
TN00304,ACN0254,2026-09-22,-7518.59,LBP,Withdrawal,Mobile
TN00315,ACN0223,2026-09-22,616.44,USD,Transfer,Mobile
TN00325,ACN0057,2026-09-22,13062.66,QAR,Transfer,ATM
TN00331,ACN0150,2026-09-22,-962.65,USD,Withdrawal,Mobile
TN00339,ACN0103,2026-09-22,-108.27,USD,Fee,Online
TN00348,ACN0052,2026-09-22,16658.62,USD,Deposit,Mobile
TN00350,ACN0241,2026-09-22,12328.25,LBP,Deposit,Mobile
TN00353,ACN0233,2026-09-22,-1619.87,QAR,Withdrawal,Mobile
TN00358,ACN0112,2026-09-22,9716.83,LBP,Deposit,Branch
TN00376,ACN0284,2026-09-22,-24.89,USD,Fee,Mobile
TN00378,ACN0254,2026-09-22,-3905.82,LBP,Withdrawal,ATM
TN00382,ACN0233,2026-09-22,-107.69,QAR,Fee,Branch
TN00386,ACN0218,2026-09-22,-5884.03,USD,Withdrawal,Mobile
TN00388,ACN0152,2026-09-22,17369.11,USD,Deposit,Online
TN00401,ACN0163,2026-09-22,13256.91,USD,Transfer,Mobile
TN00405,ACN0041,2026-09-22,-75.98,SAR,Fee,Mobile
TN00407,ACN0132,2026-09-22,9305.47,LBP,Transfer,Mobile
TN00415,ACN0041,2026-09-22,-3039.93,SAR,Withdrawal,Online
TN00418,ACN0238,2026-09-22,-2474.3,QAR,Withdrawal,Online
TN00422,ACN0265,2026-09-22,-4136.05,USD,Withdrawal,Online
TN00430,ACN0017,2026-09-22,9511.97,LBP,Deposit,Mobile
TN00431,ACN0041,2026-09-22,13307.71,SAR,Deposit,Mobile
TN00445,ACN0195,2026-09-22,12718.32,USD,Deposit,Mobile
TN00446,ACN0147,2026-09-22,14810.2,USD,Deposit,Mobile
TN00456,ACN0073,2026-09-22,5164.71,SAR,Deposit,Mobile
TN00457,ACN0167,2026-09-22,11513.79,SAR,Transfer,Branch
TN00461,ACN0045,2026-09-22,11308.91,LBP,Deposit,Mobile
TN00470,ACN0012,2026-09-22,2477.55,LBP,Transfer,Branch
TN00488,ACN0019,2026-09-22,-103.27,USD,Fee,Branch
TN00508,ACN0132,2026-09-22,11916.53,LBP,Deposit,Online
TN00514,ACN0245,2026-09-22,6820.93,USD,Deposit,Mobile
TN00526,ACN0171,2026-09-22,11854.8,LBP,Deposit,Mobile
TN00541,ACN0112,2026-09-22,-3609.9,LBP,Withdrawal,Branch
TN00554,ACN0044,2026-09-22,8972.6,SAR,Transfer,Mobile
TN00574,ACN0178,2026-09-22,9577.89,USD,Deposit,Mobile
TN00577,ACN0017,2026-09-22,-3265.44,LBP,Withdrawal,Branch
TN00580,ACN0285,2026-09-22,14835.58,QAR,Transfer,Mobile
TN00584,ACN0238,2026-09-22,-116.51,QAR,Fee,Online
TN00588,ACN0013,2026-09-22,-3289.68,LBP,Withdrawal,Branch
TN00593,ACN0261,2026-09-22,13485.26,USD,Transfer,ATM
TN00595,ACN0200,2026-09-22,-105.12,USD,Fee,Mobile
TN00610,ACN0027,2026-09-22,-5859.14,EUR,Withdrawal,Mobile
TN00617,ACN0179,2026-09-22,10196.2,USD,Transfer,Mobile
TN00623,ACN0147,2026-09-22,11098.73,USD,Deposit,Online
TN00626,ACN0144,2026-09-22,9246.23,USD,Transfer,Mobile
TN00629,ACN0229,2026-09-22,9291.61,SAR,Deposit,Online
TN00645,ACN0160,2026-09-22,-149.05,SAR,Fee,Online
TN00646,ACN0226,2026-09-22,3566.85,USD,Transfer,Mobile
TN00653,ACN0156,2026-09-22,10433.45,USD,Deposit,Mobile
TN00655,ACN0195,2026-09-22,-79.65,USD,Fee,Mobile
TN00658,ACN0008,2026-09-22,-7585.87,QAR,Withdrawal,Branch
TN00665,ACN0177,2026-09-22,7458.24,USD,Transfer,Mobile
TN00668,ACN0270,2026-09-22,5582.6,USD,Deposit,Branch
TN00672,ACN0050,2026-09-22,-52.95,USD,Fee,Mobile
TN00685,ACN0265,2026-09-22,-7324.97,USD,Withdrawal,ATM
TN00701,ACN0046,2026-09-22,-1070.32,LBP,Withdrawal,Branch
TN00713,ACN0282,2026-09-22,8476.88,USD,Transfer,Branch
TN00719,ACN0108,2026-09-22,11345.84,USD,Deposit,Online
TN00722,ACN0096,2026-09-22,-941.3,LBP,Withdrawal,Online
TN00755,ACN0058,2026-09-22,-4423.89,LBP,Withdrawal,Mobile
TN00759,ACN0012,2026-09-22,16237.54,LBP,Deposit,ATM
TN00760,ACN0265,2026-09-22,2056.2,USD,Deposit,ATM
TN00762,ACN0003,2026-09-22,-6683.82,USD,Withdrawal,Mobile
TN00772,ACN0232,2026-09-22,247.54,SAR,Transfer,Mobile
TN00776,ACN0122,2026-09-22,309.9,USD,Transfer,Online
TN00779,ACN0140,2026-09-22,1213.99,USD,Deposit,Mobile
TN00788,ACN0075,2026-09-22,-37.09,USD,Withdrawal,Mobile
TN00797,ACN0102,2026-09-22,6266.57,LBP,Deposit,Mobile
TN00802,ACN0116,2026-09-22,10900.65,USD,Transfer,Mobile
TN00810,ACN0058,2026-09-22,-3685.05,LBP,Withdrawal,ATM
TN00820,ACN0228,2026-09-22,6479.24,USD,Deposit,Mobile
TN00839,ACN0196,2026-09-22,-3122.28,QAR,Withdrawal,Branch
TN00845,ACN0240,2026-09-22,9400.81,LBP,Transfer,Online
TN00852,ACN0162,2026-09-22,-54.22,USD,Fee,Branch
TN00858,ACN0296,2026-09-22,7228.63,LBP,Deposit,ATM
TN00859,ACN0293,2026-09-22,11096.47,SAR,Transfer,Mobile
TN00862,ACN0276,2026-09-22,-7487.93,QAR,Withdrawal,Mobile
TN00875,ACN0266,2026-09-22,7370.62,LBP,Transfer,Online
TN00881,ACN0184,2026-09-22,-89.9,SAR,Fee,ATM
TN00886,ACN0283,2026-09-22,12015.71,QAR,Deposit,Mobile
TN00889,ACN0135,2026-09-22,-2823.41,USD,Withdrawal,Branch
TN00897,ACN0286,2026-09-22,2764.98,USD,Transfer,Mobile
TN00901,ACN0189,2026-09-22,11165.12,EUR,Transfer,Branch
TN00908,ACN0157,2026-09-22,17264.2,USD,Deposit,Branch
TN00916,ACN0120,2026-09-22,15550.78,LBP,Deposit,ATM
TN00921,ACN0009,2026-09-22,-2040.64,SAR,Withdrawal,Mobile
TN00929,ACN0076,2026-09-22,1868.93,USD,Transfer,ATM
TN00938,ACN0037,2026-09-22,4249.36,USD,Transfer,Online
TN00943,ACN0204,2026-09-22,8076.31,USD,Deposit,Mobile
TN00949,ACN0035,2026-09-22,9580.59,QAR,Transfer,ATM
TN00954,ACN0006,2026-09-22,7580.41,USD,Deposit,Mobile
TN00957,ACN0216,2026-09-22,4166.91,USD,Transfer,Mobile
TN00962,ACN0233,2026-09-22,19321.8,QAR,Deposit,Mobile
TN00965,ACN0301,2026-09-22,-3406.73,EUR,Withdrawal,ATM
TN00973,ACN0009,2026-09-22,-4629.17,SAR,Withdrawal,Mobile
TN00977,ACN0071,2026-09-22,-3297.49,USD,Withdrawal,Online
TN00985,ACN0246,2026-09-22,8761.6,USD,Transfer,Branch
TN00992,ACN0175,2026-09-22,8047.39,USD,Transfer,ATM
